producto,fecha,cantidad
jitomate,2024-06-28,39
cebolla,2024-06-28,29
huevo,2024-06-28,59
tortilla,2024-06-28,99
leche,2024-06-28,49
frijol,2024-06-28,19
arroz,2024-06-28,29
pollo,2024-06-28,34
aguacate,2024-06-28,21
chile,2024-06-28,18
jitomate,2024-06-29,67
cebolla,2024-06-29,57
huevo,2024-06-29,107
tortilla,2024-06-29,149
leche,2024-06-29,72
frijol,2024-06-29,34
arroz,2024-06-29,47
pollo,2024-06-29,68
aguacate,2024-06-29,36
chile,2024-06-29,29
jitomate,2024-06-30,70
cebolla,2024-06-30,38
huevo,2024-06-30,93
tortilla,2024-06-30,157
leche,2024-06-30,92
frijol,2024-06-30,39
arroz,2024-06-30,48
pollo,2024-06-30,59
aguacate,2024-06-30,40
chile,2024-06-30,24
jitomate,2024-07-01,55
cebolla,2024-07-01,30
huevo,2024-07-01,46
tortilla,2024-07-01,104
leche,2024-07-01,55
frijol,2024-07-01,36
arroz,2024-07-01,39
pollo,2024-07-01,36
aguacate,2024-07-01,32
chile,2024-07-01,19
jitomate,2024-07-02,40
cebolla,2024-07-02,29
huevo,2024-07-02,62
tortilla,2024-07-02,103
leche,2024-07-02,56
frijol,2024-07-02,27
arroz,2024-07-02,31
pollo,2024-07-02,38
aguacate,2024-07-02,20
chile,2024-07-02,16
jitomate,2024-07-03,38
cebolla,2024-07-03,33
huevo,2024-07-03,59
tortilla,2024-07-03,124
leche,2024-07-03,45
frijol,2024-07-03,21
arroz,2024-07-03,32
pollo,2024-07-03,43
aguacate,2024-07-03,24
chile,2024-07-03,21
jitomate,2024-07-04,50
cebolla,2024-07-04,30
huevo,2024-07-04,48
tortilla,2024-07-04,84
leche,2024-07-04,58
frijol,2024-07-04,20
arroz,2024-07-04,29
pollo,2024-07-04,37
aguacate,2024-07-04,21
chile,2024-07-04,20
jitomate,2024-07-05,44
cebolla,2024-07-05,41
huevo,2024-07-05,67
tortilla,2024-07-05,83
leche,2024-07-05,47
frijol,2024-07-05,22
arroz,2024-07-05,33
pollo,2024-07-05,33
aguacate,2024-07-05,22
chile,2024-07-05,20
jitomate,2024-07-06,47
cebolla,2024-07-06,38
huevo,2024-07-06,58
tortilla,2024-07-06,100
leche,2024-07-06,61
frijol,2024-07-06,35
arroz,2024-07-06,44
pollo,2024-07-06,46
aguacate,2024-07-06,30
chile,2024-07-06,24
jitomate,2024-07-07,62
cebolla,2024-07-07,45
huevo,2024-07-07,83
tortilla,2024-07-07,101
leche,2024-07-07,75
frijol,2024-07-07,35
arroz,2024-07-07,44
pollo,2024-07-07,46
aguacate,2024-07-07,38
chile,2024-07-07,23
jitomate,2024-07-08,51
cebolla,2024-07-08,31
huevo,2024-07-08,56
tortilla,2024-07-08,76
leche,2024-07-08,50
frijol,2024-07-08,31
arroz,2024-07-08,32
pollo,2024-07-08,39
aguacate,2024-07-08,14
chile,2024-07-08,20
jitomate,2024-07-09,44
cebolla,2024-07-09,28
huevo,2024-07-09,55
tortilla,2024-07-09,92
leche,2024-07-09,64
frijol,2024-07-09,21
arroz,2024-07-09,27
pollo,2024-07-09,43
aguacate,2024-07-09,21
chile,2024-07-09,17
jitomate,2024-07-10,41
cebolla,2024-07-10,25
huevo,2024-07-10,63
tortilla,2024-07-10,75
leche,2024-07-10,58
frijol,2024-07-10,26
arroz,2024-07-10,38
pollo,2024-07-10,37
aguacate,2024-07-10,27
chile,2024-07-10,15
jitomate,2024-07-11,40
cebolla,2024-07-11,32
huevo,2024-07-11,77
tortilla,2024-07-11,69
leche,2024-07-11,59
frijol,2024-07-11,28
arroz,2024-07-11,35
pollo,2024-07-11,40
aguacate,2024-07-11,23
chile,2024-07-11,17
jitomate,2024-07-12,33
cebolla,2024-07-12,31
huevo,2024-07-12,59
tortilla,2024-07-12,120
leche,2024-07-12,46
frijol,2024-07-12,27
arroz,2024-07-12,22
pollo,2024-07-12,34
aguacate,2024-07-12,23
chile,2024-07-12,21
jitomate,2024-07-13,65
cebolla,2024-07-13,40
huevo,2024-07-13,66
tortilla,2024-07-13,128
leche,2024-07-13,71
frijol,2024-07-13,36
arroz,2024-07-13,33
pollo,2024-07-13,54
aguacate,2024-07-13,30
chile,2024-07-13,26
jitomate,2024-07-14,79
cebolla,2024-07-14,54
huevo,2024-07-14,104
tortilla,2024-07-14,197
leche,2024-07-14,86
frijol,2024-07-14,40
arroz,2024-07-14,47
pollo,2024-07-14,71
aguacate,2024-07-14,37
chile,2024-07-14,32
jitomate,2024-07-15,60
cebolla,2024-07-15,35
huevo,2024-07-15,57
tortilla,2024-07-15,120
leche,2024-07-15,66
frijol,2024-07-15,29
arroz,2024-07-15,40
pollo,2024-07-15,49
aguacate,2024-07-15,24
chile,2024-07-15,25
jitomate,2024-07-16,49
cebolla,2024-07-16,30
huevo,2024-07-16,82
tortilla,2024-07-16,114
leche,2024-07-16,57
frijol,2024-07-16,34
arroz,2024-07-16,38
pollo,2024-07-16,41
aguacate,2024-07-16,30
chile,2024-07-16,26
jitomate,2024-07-17,36
cebolla,2024-07-17,32
huevo,2024-07-17,61
tortilla,2024-07-17,123
leche,2024-07-17,37
frijol,2024-07-17,28
arroz,2024-07-17,27
pollo,2024-07-17,35
aguacate,2024-07-17,29
chile,2024-07-17,18
jitomate,2024-07-18,55
cebolla,2024-07-18,29
huevo,2024-07-18,64
tortilla,2024-07-18,85
leche,2024-07-18,46
frijol,2024-07-18,26
arroz,2024-07-18,27
pollo,2024-07-18,37
aguacate,2024-07-18,15
chile,2024-07-18,24
jitomate,2024-07-19,40
cebolla,2024-07-19,39
huevo,2024-07-19,52
tortilla,2024-07-19,96
leche,2024-07-19,75
frijol,2024-07-19,22
arroz,2024-07-19,22
pollo,2024-07-19,33
aguacate,2024-07-19,24
chile,2024-07-19,20
jitomate,2024-07-20,63
cebolla,2024-07-20,38
huevo,2024-07-20,60
tortilla,2024-07-20,112
leche,2024-07-20,79
frijol,2024-07-20,35
arroz,2024-07-20,26
pollo,2024-07-20,46
aguacate,2024-07-20,35
chile,2024-07-20,31
jitomate,2024-07-21,58
cebolla,2024-07-21,42
huevo,2024-07-21,65
tortilla,2024-07-21,104
leche,2024-07-21,67
frijol,2024-07-21,36
arroz,2024-07-21,40
pollo,2024-07-21,43
aguacate,2024-07-21,24
chile,2024-07-21,21
jitomate,2024-07-22,34
cebolla,2024-07-22,34
huevo,2024-07-22,40
tortilla,2024-07-22,87
leche,2024-07-22,54
frijol,2024-07-22,31
arroz,2024-07-22,29
pollo,2024-07-22,41
aguacate,2024-07-22,21
chile,2024-07-22,16
jitomate,2024-07-23,37
cebolla,2024-07-23,38
huevo,2024-07-23,70
tortilla,2024-07-23,99
leche,2024-07-23,76
frijol,2024-07-23,25
arroz,2024-07-23,31
pollo,2024-07-23,37
aguacate,2024-07-23,22
chile,2024-07-23,25
jitomate,2024-07-24,50
cebolla,2024-07-24,24
huevo,2024-07-24,58
tortilla,2024-07-24,98
leche,2024-07-24,57
frijol,2024-07-24,20
arroz,2024-07-24,19
pollo,2024-07-24,25
aguacate,2024-07-24,22
chile,2024-07-24,18
jitomate,2024-07-25,43
cebolla,2024-07-25,27
huevo,2024-07-25,50
tortilla,2024-07-25,64
leche,2024-07-25,54
frijol,2024-07-25,27
arroz,2024-07-25,33
pollo,2024-07-25,40
aguacate,2024-07-25,22
chile,2024-07-25,22
jitomate,2024-07-26,40
cebolla,2024-07-26,28
huevo,2024-07-26,56
tortilla,2024-07-26,84
leche,2024-07-26,34
frijol,2024-07-26,26
arroz,2024-07-26,30
pollo,2024-07-26,34
aguacate,2024-07-26,20
chile,2024-07-26,19
jitomate,2024-07-27,67
cebolla,2024-07-27,40
huevo,2024-07-27,74
tortilla,2024-07-27,109
leche,2024-07-27,66
frijol,2024-07-27,27
arroz,2024-07-27,36
pollo,2024-07-27,47
aguacate,2024-07-27,37
chile,2024-07-27,27
jitomate,2024-07-28,61
cebolla,2024-07-28,36
huevo,2024-07-28,88
tortilla,2024-07-28,99
leche,2024-07-28,69
frijol,2024-07-28,35
arroz,2024-07-28,33
pollo,2024-07-28,60
aguacate,2024-07-28,32
chile,2024-07-28,17
jitomate,2024-07-29,55
cebolla,2024-07-29,36
huevo,2024-07-29,77
tortilla,2024-07-29,123
leche,2024-07-29,67
frijol,2024-07-29,22
arroz,2024-07-29,29
pollo,2024-07-29,50
aguacate,2024-07-29,34
chile,2024-07-29,30
jitomate,2024-07-30,65
cebolla,2024-07-30,26
huevo,2024-07-30,85
tortilla,2024-07-30,82
leche,2024-07-30,79
frijol,2024-07-30,33
arroz,2024-07-30,30
pollo,2024-07-30,58
aguacate,2024-07-30,31
chile,2024-07-30,16
jitomate,2024-07-31,53
cebolla,2024-07-31,34
huevo,2024-07-31,78
tortilla,2024-07-31,107
leche,2024-07-31,77
frijol,2024-07-31,25
arroz,2024-07-31,37
pollo,2024-07-31,57
aguacate,2024-07-31,25
chile,2024-07-31,24
jitomate,2024-08-01,52
cebolla,2024-08-01,34
huevo,2024-08-01,82
tortilla,2024-08-01,114
leche,2024-08-01,54
frijol,2024-08-01,40
arroz,2024-08-01,39
pollo,2024-08-01,43
aguacate,2024-08-01,25
chile,2024-08-01,20
jitomate,2024-08-02,47
cebolla,2024-08-02,29
huevo,2024-08-02,64
tortilla,2024-08-02,88
leche,2024-08-02,55
frijol,2024-08-02,25
arroz,2024-08-02,31
pollo,2024-08-02,34
aguacate,2024-08-02,25
chile,2024-08-02,20
jitomate,2024-08-03,51
cebolla,2024-08-03,34
huevo,2024-08-03,67
tortilla,2024-08-03,104
leche,2024-08-03,55
frijol,2024-08-03,37
arroz,2024-08-03,36
pollo,2024-08-03,56
aguacate,2024-08-03,38
chile,2024-08-03,23
jitomate,2024-08-04,40
cebolla,2024-08-04,37
huevo,2024-08-04,77
tortilla,2024-08-04,91
leche,2024-08-04,63
frijol,2024-08-04,34
arroz,2024-08-04,34
pollo,2024-08-04,40
aguacate,2024-08-04,25
chile,2024-08-04,30
jitomate,2024-08-05,39
cebolla,2024-08-05,26
huevo,2024-08-05,57
tortilla,2024-08-05,103
leche,2024-08-05,45
frijol,2024-08-05,27
arroz,2024-08-05,31
pollo,2024-08-05,39
aguacate,2024-08-05,27
chile,2024-08-05,17
jitomate,2024-08-06,47
cebolla,2024-08-06,26
huevo,2024-08-06,56
tortilla,2024-08-06,106
leche,2024-08-06,56
frijol,2024-08-06,25
arroz,2024-08-06,23
pollo,2024-08-06,38
aguacate,2024-08-06,20
chile,2024-08-06,16
jitomate,2024-08-07,36
cebolla,2024-08-07,31
huevo,2024-08-07,41
tortilla,2024-08-07,95
leche,2024-08-07,51
frijol,2024-08-07,23
arroz,2024-08-07,32
pollo,2024-08-07,38
aguacate,2024-08-07,20
chile,2024-08-07,16
jitomate,2024-08-08,44
cebolla,2024-08-08,23
huevo,2024-08-08,57
tortilla,2024-08-08,81
leche,2024-08-08,51
frijol,2024-08-08,26
arroz,2024-08-08,28
pollo,2024-08-08,41
aguacate,2024-08-08,23
chile,2024-08-08,17
jitomate,2024-08-09,33
cebolla,2024-08-09,33
huevo,2024-08-09,65
tortilla,2024-08-09,110
leche,2024-08-09,44
frijol,2024-08-09,25
arroz,2024-08-09,28
pollo,2024-08-09,35
aguacate,2024-08-09,22
chile,2024-08-09,13
jitomate,2024-08-10,58
cebolla,2024-08-10,43
huevo,2024-08-10,91
tortilla,2024-08-10,156
leche,2024-08-10,62
frijol,2024-08-10,32
arroz,2024-08-10,36
pollo,2024-08-10,59
aguacate,2024-08-10,21
chile,2024-08-10,25
jitomate,2024-08-11,41
cebolla,2024-08-11,24
huevo,2024-08-11,54
tortilla,2024-08-11,93
leche,2024-08-11,75
frijol,2024-08-11,28
arroz,2024-08-11,35
pollo,2024-08-11,38
aguacate,2024-08-11,31
chile,2024-08-11,20
jitomate,2024-08-12,48
cebolla,2024-08-12,26
huevo,2024-08-12,53
tortilla,2024-08-12,92
leche,2024-08-12,50
frijol,2024-08-12,30
arroz,2024-08-12,29
pollo,2024-08-12,29
aguacate,2024-08-12,20
chile,2024-08-12,16
jitomate,2024-08-13,44
cebolla,2024-08-13,32
huevo,2024-08-13,59
tortilla,2024-08-13,102
leche,2024-08-13,46
frijol,2024-08-13,24
arroz,2024-08-13,29
pollo,2024-08-13,43
aguacate,2024-08-13,22
chile,2024-08-13,17
jitomate,2024-08-14,42
cebolla,2024-08-14,41
huevo,2024-08-14,68
tortilla,2024-08-14,118
leche,2024-08-14,45
frijol,2024-08-14,36
arroz,2024-08-14,28
pollo,2024-08-14,39
aguacate,2024-08-14,32
chile,2024-08-14,18
jitomate,2024-08-15,49
cebolla,2024-08-15,38
huevo,2024-08-15,64
tortilla,2024-08-15,135
leche,2024-08-15,77
frijol,2024-08-15,22
arroz,2024-08-15,27
pollo,2024-08-15,49
aguacate,2024-08-15,22
chile,2024-08-15,21
jitomate,2024-08-16,51
cebolla,2024-08-16,41
huevo,2024-08-16,72
tortilla,2024-08-16,114
leche,2024-08-16,55
frijol,2024-08-16,37
arroz,2024-08-16,32
pollo,2024-08-16,46
aguacate,2024-08-16,25
chile,2024-08-16,23
jitomate,2024-08-17,51
cebolla,2024-08-17,38
huevo,2024-08-17,66
tortilla,2024-08-17,131
leche,2024-08-17,79
frijol,2024-08-17,34
arroz,2024-08-17,40
pollo,2024-08-17,51
aguacate,2024-08-17,33
chile,2024-08-17,24
jitomate,2024-08-18,54
cebolla,2024-08-18,44
huevo,2024-08-18,79
tortilla,2024-08-18,100
leche,2024-08-18,65
frijol,2024-08-18,23
arroz,2024-08-18,36
pollo,2024-08-18,48
aguacate,2024-08-18,34
chile,2024-08-18,24
jitomate,2024-08-19,46
cebolla,2024-08-19,30
huevo,2024-08-19,51
tortilla,2024-08-19,71
leche,2024-08-19,43
frijol,2024-08-19,20
arroz,2024-08-19,31
pollo,2024-08-19,34
aguacate,2024-08-19,24
chile,2024-08-19,18
jitomate,2024-08-20,46
cebolla,2024-08-20,35
huevo,2024-08-20,54
tortilla,2024-08-20,86
leche,2024-08-20,46
frijol,2024-08-20,19
arroz,2024-08-20,31
pollo,2024-08-20,41
aguacate,2024-08-20,22
chile,2024-08-20,17
jitomate,2024-08-21,47
cebolla,2024-08-21,19
huevo,2024-08-21,62
tortilla,2024-08-21,92
leche,2024-08-21,46
frijol,2024-08-21,30
arroz,2024-08-21,32
pollo,2024-08-21,34
aguacate,2024-08-21,22
chile,2024-08-21,17
jitomate,2024-08-22,37
cebolla,2024-08-22,24
huevo,2024-08-22,72
tortilla,2024-08-22,104
leche,2024-08-22,56
frijol,2024-08-22,21
arroz,2024-08-22,37
pollo,2024-08-22,45
aguacate,2024-08-22,23
chile,2024-08-22,16
jitomate,2024-08-23,35
cebolla,2024-08-23,32
huevo,2024-08-23,52
tortilla,2024-08-23,90
leche,2024-08-23,58
frijol,2024-08-23,19
arroz,2024-08-23,36
pollo,2024-08-23,43
aguacate,2024-08-23,18
chile,2024-08-23,14
jitomate,2024-08-24,50
cebolla,2024-08-24,33
huevo,2024-08-24,75
tortilla,2024-08-24,72
leche,2024-08-24,63
frijol,2024-08-24,41
arroz,2024-08-24,30
pollo,2024-08-24,44
aguacate,2024-08-24,22
chile,2024-08-24,26
jitomate,2024-08-25,50
cebolla,2024-08-25,50
huevo,2024-08-25,80
tortilla,2024-08-25,110
leche,2024-08-25,70
frijol,2024-08-25,30
arroz,2024-08-25,29
pollo,2024-08-25,48
aguacate,2024-08-25,28
chile,2024-08-25,24
jitomate,2024-08-26,42
cebolla,2024-08-26,28
huevo,2024-08-26,64
tortilla,2024-08-26,113
leche,2024-08-26,42
frijol,2024-08-26,32
arroz,2024-08-26,27
pollo,2024-08-26,31
aguacate,2024-08-26,30
chile,2024-08-26,18
jitomate,2024-08-27,48
cebolla,2024-08-27,34
huevo,2024-08-27,45
tortilla,2024-08-27,92
leche,2024-08-27,46
frijol,2024-08-27,20
arroz,2024-08-27,21
pollo,2024-08-27,36
aguacate,2024-08-27,24
chile,2024-08-27,19
jitomate,2024-08-28,38
cebolla,2024-08-28,26
huevo,2024-08-28,51
tortilla,2024-08-28,83
leche,2024-08-28,42
frijol,2024-08-28,24
arroz,2024-08-28,28
pollo,2024-08-28,30
aguacate,2024-08-28,21
chile,2024-08-28,16
jitomate,2024-08-29,50
cebolla,2024-08-29,40
huevo,2024-08-29,77
tortilla,2024-08-29,120
leche,2024-08-29,47
frijol,2024-08-29,29
arroz,2024-08-29,36
pollo,2024-08-29,48
aguacate,2024-08-29,21
chile,2024-08-29,23
jitomate,2024-08-30,59
cebolla,2024-08-30,36
huevo,2024-08-30,74
tortilla,2024-08-30,120
leche,2024-08-30,65
frijol,2024-08-30,34
arroz,2024-08-30,35
pollo,2024-08-30,45
aguacate,2024-08-30,24
chile,2024-08-30,22
jitomate,2024-08-31,77
cebolla,2024-08-31,47
huevo,2024-08-31,95
tortilla,2024-08-31,135
leche,2024-08-31,91
frijol,2024-08-31,35
arroz,2024-08-31,52
pollo,2024-08-31,49
aguacate,2024-08-31,30
chile,2024-08-31,30
jitomate,2024-09-01,68
cebolla,2024-09-01,52
huevo,2024-09-01,116
tortilla,2024-09-01,141
leche,2024-09-01,89
frijol,2024-09-01,36
arroz,2024-09-01,56
pollo,2024-09-01,64
aguacate,2024-09-01,40
chile,2024-09-01,31
jitomate,2024-09-02,36
cebolla,2024-09-02,29
huevo,2024-09-02,66
tortilla,2024-09-02,92
leche,2024-09-02,52
frijol,2024-09-02,20
arroz,2024-09-02,30
pollo,2024-09-02,32
aguacate,2024-09-02,19
chile,2024-09-02,18
jitomate,2024-09-03,30
cebolla,2024-09-03,34
huevo,2024-09-03,70
tortilla,2024-09-03,92
leche,2024-09-03,44
frijol,2024-09-03,22
arroz,2024-09-03,28
pollo,2024-09-03,23
aguacate,2024-09-03,23
chile,2024-09-03,20
jitomate,2024-09-04,39
cebolla,2024-09-04,29
huevo,2024-09-04,63
tortilla,2024-09-04,98
leche,2024-09-04,60
frijol,2024-09-04,26
arroz,2024-09-04,26
pollo,2024-09-04,34
aguacate,2024-09-04,23
chile,2024-09-04,23
jitomate,2024-09-05,39
cebolla,2024-09-05,26
huevo,2024-09-05,54
tortilla,2024-09-05,64
leche,2024-09-05,54
frijol,2024-09-05,20
arroz,2024-09-05,24
pollo,2024-09-05,25
aguacate,2024-09-05,19
chile,2024-09-05,20
jitomate,2024-09-06,33
cebolla,2024-09-06,23
huevo,2024-09-06,63
tortilla,2024-09-06,88
leche,2024-09-06,55
frijol,2024-09-06,29
arroz,2024-09-06,29
pollo,2024-09-06,29
aguacate,2024-09-06,22
chile,2024-09-06,20
jitomate,2024-09-07,49
cebolla,2024-09-07,32
huevo,2024-09-07,94
tortilla,2024-09-07,113
leche,2024-09-07,63
frijol,2024-09-07,34
arroz,2024-09-07,43
pollo,2024-09-07,49
aguacate,2024-09-07,28
chile,2024-09-07,27
jitomate,2024-09-08,71
cebolla,2024-09-08,49
huevo,2024-09-08,88
tortilla,2024-09-08,100
leche,2024-09-08,105
frijol,2024-09-08,27
arroz,2024-09-08,35
pollo,2024-09-08,42
aguacate,2024-09-08,37
chile,2024-09-08,26
jitomate,2024-09-09,32
cebolla,2024-09-09,32
huevo,2024-09-09,67
tortilla,2024-09-09,88
leche,2024-09-09,42
frijol,2024-09-09,23
arroz,2024-09-09,27
pollo,2024-09-09,36
aguacate,2024-09-09,21
chile,2024-09-09,21
jitomate,2024-09-10,35
cebolla,2024-09-10,23
huevo,2024-09-10,55
tortilla,2024-09-10,111
leche,2024-09-10,47
frijol,2024-09-10,35
arroz,2024-09-10,31
pollo,2024-09-10,30
aguacate,2024-09-10,20
chile,2024-09-10,19
jitomate,2024-09-11,34
cebolla,2024-09-11,42
huevo,2024-09-11,53
tortilla,2024-09-11,102
leche,2024-09-11,63
frijol,2024-09-11,25
arroz,2024-09-11,25
pollo,2024-09-11,35
aguacate,2024-09-11,24
chile,2024-09-11,21
jitomate,2024-09-12,42
cebolla,2024-09-12,24
huevo,2024-09-12,62
tortilla,2024-09-12,83
leche,2024-09-12,35
frijol,2024-09-12,23
arroz,2024-09-12,23
pollo,2024-09-12,39
aguacate,2024-09-12,29
chile,2024-09-12,24
jitomate,2024-09-13,38
cebolla,2024-09-13,29
huevo,2024-09-13,68
tortilla,2024-09-13,107
leche,2024-09-13,48
frijol,2024-09-13,25
arroz,2024-09-13,38
pollo,2024-09-13,35
aguacate,2024-09-13,21
chile,2024-09-13,19
jitomate,2024-09-14,73
cebolla,2024-09-14,43
huevo,2024-09-14,97
tortilla,2024-09-14,124
leche,2024-09-14,80
frijol,2024-09-14,54
arroz,2024-09-14,52
pollo,2024-09-14,58
aguacate,2024-09-14,32
chile,2024-09-14,29
jitomate,2024-09-15,78
cebolla,2024-09-15,46
huevo,2024-09-15,122
tortilla,2024-09-15,120
leche,2024-09-15,80
frijol,2024-09-15,53
arroz,2024-09-15,33
pollo,2024-09-15,69
aguacate,2024-09-15,27
chile,2024-09-15,30
jitomate,2024-09-16,50
cebolla,2024-09-16,43
huevo,2024-09-16,41
tortilla,2024-09-16,83
leche,2024-09-16,59
frijol,2024-09-16,32
arroz,2024-09-16,31
pollo,2024-09-16,44
aguacate,2024-09-16,23
chile,2024-09-16,22
jitomate,2024-09-17,36
cebolla,2024-09-17,32
huevo,2024-09-17,67
tortilla,2024-09-17,113
leche,2024-09-17,46
frijol,2024-09-17,25
arroz,2024-09-17,29
pollo,2024-09-17,34
aguacate,2024-09-17,22
chile,2024-09-17,14
jitomate,2024-09-18,43
cebolla,2024-09-18,27
huevo,2024-09-18,53
tortilla,2024-09-18,71
leche,2024-09-18,60
frijol,2024-09-18,25
arroz,2024-09-18,34
pollo,2024-09-18,38
aguacate,2024-09-18,17
chile,2024-09-18,16
jitomate,2024-09-19,46
cebolla,2024-09-19,27
huevo,2024-09-19,52
tortilla,2024-09-19,90
leche,2024-09-19,50
frijol,2024-09-19,22
arroz,2024-09-19,27
pollo,2024-09-19,33
aguacate,2024-09-19,14
chile,2024-09-19,20
jitomate,2024-09-20,36
cebolla,2024-09-20,37
huevo,2024-09-20,51
tortilla,2024-09-20,71
leche,2024-09-20,61
frijol,2024-09-20,20
arroz,2024-09-20,26
pollo,2024-09-20,39
aguacate,2024-09-20,22
chile,2024-09-20,14
jitomate,2024-09-21,55
cebolla,2024-09-21,39
huevo,2024-09-21,96
tortilla,2024-09-21,131
leche,2024-09-21,97
frijol,2024-09-21,25
arroz,2024-09-21,37
pollo,2024-09-21,39
aguacate,2024-09-21,35
chile,2024-09-21,27
jitomate,2024-09-22,60
cebolla,2024-09-22,35
huevo,2024-09-22,71
tortilla,2024-09-22,84
leche,2024-09-22,84
frijol,2024-09-22,36
arroz,2024-09-22,36
pollo,2024-09-22,53
aguacate,2024-09-22,33
chile,2024-09-22,28
jitomate,2024-09-23,31
cebolla,2024-09-23,28
huevo,2024-09-23,64
tortilla,2024-09-23,98
leche,2024-09-23,59
frijol,2024-09-23,22
arroz,2024-09-23,29
pollo,2024-09-23,48
aguacate,2024-09-23,25
chile,2024-09-23,21
jitomate,2024-09-24,41
cebolla,2024-09-24,34
huevo,2024-09-24,79
tortilla,2024-09-24,94
leche,2024-09-24,61
frijol,2024-09-24,22
arroz,2024-09-24,31
pollo,2024-09-24,41
aguacate,2024-09-24,20
chile,2024-09-24,22
jitomate,2024-09-25,37
cebolla,2024-09-25,27
huevo,2024-09-25,62
tortilla,2024-09-25,120
leche,2024-09-25,54
frijol,2024-09-25,29
arroz,2024-09-25,26
pollo,2024-09-25,36
aguacate,2024-09-25,19
chile,2024-09-25,17
jitomate,2024-09-26,46
cebolla,2024-09-26,31
huevo,2024-09-26,75
tortilla,2024-09-26,90
leche,2024-09-26,50
frijol,2024-09-26,31
arroz,2024-09-26,26
pollo,2024-09-26,28
aguacate,2024-09-26,27
chile,2024-09-26,20
jitomate,2024-09-27,28
cebolla,2024-09-27,31
huevo,2024-09-27,58
tortilla,2024-09-27,117
leche,2024-09-27,46
frijol,2024-09-27,24
arroz,2024-09-27,25
pollo,2024-09-27,30
aguacate,2024-09-27,20
chile,2024-09-27,15
jitomate,2024-09-28,45
cebolla,2024-09-28,30
huevo,2024-09-28,62
tortilla,2024-09-28,92
leche,2024-09-28,62
frijol,2024-09-28,30
arroz,2024-09-28,31
pollo,2024-09-28,50
aguacate,2024-09-28,29
chile,2024-09-28,23
jitomate,2024-09-29,62
cebolla,2024-09-29,62
huevo,2024-09-29,104
tortilla,2024-09-29,161
leche,2024-09-29,51
frijol,2024-09-29,38
arroz,2024-09-29,32
pollo,2024-09-29,55
aguacate,2024-09-29,39
chile,2024-09-29,27
jitomate,2024-09-30,56
cebolla,2024-09-30,33
huevo,2024-09-30,84
tortilla,2024-09-30,89
leche,2024-09-30,62
frijol,2024-09-30,34
arroz,2024-09-30,39
pollo,2024-09-30,44
aguacate,2024-09-30,37
chile,2024-09-30,22
jitomate,2024-10-01,49
cebolla,2024-10-01,23
huevo,2024-10-01,100
tortilla,2024-10-01,112
leche,2024-10-01,54
frijol,2024-10-01,39
arroz,2024-10-01,44
pollo,2024-10-01,47
aguacate,2024-10-01,23
chile,2024-10-01,25
jitomate,2024-10-02,38
cebolla,2024-10-02,26
huevo,2024-10-02,73
tortilla,2024-10-02,64
leche,2024-10-02,57
frijol,2024-10-02,28
arroz,2024-10-02,38
pollo,2024-10-02,39
aguacate,2024-10-02,16
chile,2024-10-02,17
jitomate,2024-10-03,42
cebolla,2024-10-03,33
huevo,2024-10-03,72
tortilla,2024-10-03,67
leche,2024-10-03,50
frijol,2024-10-03,30
arroz,2024-10-03,36
pollo,2024-10-03,47
aguacate,2024-10-03,22
chile,2024-10-03,22
jitomate,2024-10-04,53
cebolla,2024-10-04,37
huevo,2024-10-04,70
tortilla,2024-10-04,106
leche,2024-10-04,46
frijol,2024-10-04,21
arroz,2024-10-04,34
pollo,2024-10-04,35
aguacate,2024-10-04,23
chile,2024-10-04,17
jitomate,2024-10-05,51
cebolla,2024-10-05,42
huevo,2024-10-05,69
tortilla,2024-10-05,124
leche,2024-10-05,71
frijol,2024-10-05,34
arroz,2024-10-05,34
pollo,2024-10-05,53
aguacate,2024-10-05,38
chile,2024-10-05,22
jitomate,2024-10-06,65
cebolla,2024-10-06,46
huevo,2024-10-06,49
tortilla,2024-10-06,109
leche,2024-10-06,62
frijol,2024-10-06,38
arroz,2024-10-06,39
pollo,2024-10-06,51
aguacate,2024-10-06,33
chile,2024-10-06,21
jitomate,2024-10-07,37
cebolla,2024-10-07,26
huevo,2024-10-07,61
tortilla,2024-10-07,93
leche,2024-10-07,54
frijol,2024-10-07,23
arroz,2024-10-07,33
pollo,2024-10-07,42
aguacate,2024-10-07,28
chile,2024-10-07,21
jitomate,2024-10-08,43
cebolla,2024-10-08,35
huevo,2024-10-08,69
tortilla,2024-10-08,85
leche,2024-10-08,63
frijol,2024-10-08,33
arroz,2024-10-08,38
pollo,2024-10-08,37
aguacate,2024-10-08,24
chile,2024-10-08,20
jitomate,2024-10-09,42
cebolla,2024-10-09,34
huevo,2024-10-09,62
tortilla,2024-10-09,92
leche,2024-10-09,66
frijol,2024-10-09,27
arroz,2024-10-09,30
pollo,2024-10-09,42
aguacate,2024-10-09,24
chile,2024-10-09,20
jitomate,2024-10-10,42
cebolla,2024-10-10,26
huevo,2024-10-10,63
tortilla,2024-10-10,78
leche,2024-10-10,54
frijol,2024-10-10,22
arroz,2024-10-10,33
pollo,2024-10-10,41
aguacate,2024-10-10,24
chile,2024-10-10,19
jitomate,2024-10-11,45
cebolla,2024-10-11,22
huevo,2024-10-11,53
tortilla,2024-10-11,92
leche,2024-10-11,55
frijol,2024-10-11,26
arroz,2024-10-11,25
pollo,2024-10-11,37
aguacate,2024-10-11,22
chile,2024-10-11,16
jitomate,2024-10-12,57
cebolla,2024-10-12,40
huevo,2024-10-12,97
tortilla,2024-10-12,135
leche,2024-10-12,76
frijol,2024-10-12,36
arroz,2024-10-12,33
pollo,2024-10-12,41
aguacate,2024-10-12,23
chile,2024-10-12,35
jitomate,2024-10-13,46
cebolla,2024-10-13,40
huevo,2024-10-13,77
tortilla,2024-10-13,118
leche,2024-10-13,62
frijol,2024-10-13,25
arroz,2024-10-13,32
pollo,2024-10-13,38
aguacate,2024-10-13,29
chile,2024-10-13,22
jitomate,2024-10-14,47
cebolla,2024-10-14,41
huevo,2024-10-14,72
tortilla,2024-10-14,135
leche,2024-10-14,62
frijol,2024-10-14,34
arroz,2024-10-14,29
pollo,2024-10-14,50
aguacate,2024-10-14,27
chile,2024-10-14,25
jitomate,2024-10-15,55
cebolla,2024-10-15,38
huevo,2024-10-15,81
tortilla,2024-10-15,111
leche,2024-10-15,79
frijol,2024-10-15,37
arroz,2024-10-15,39
pollo,2024-10-15,38
aguacate,2024-10-15,24
chile,2024-10-15,21
jitomate,2024-10-16,51
cebolla,2024-10-16,42
huevo,2024-10-16,68
tortilla,2024-10-16,139
leche,2024-10-16,66
frijol,2024-10-16,23
arroz,2024-10-16,34
pollo,2024-10-16,28
aguacate,2024-10-16,26
chile,2024-10-16,22
jitomate,2024-10-17,38
cebolla,2024-10-17,30
huevo,2024-10-17,59
tortilla,2024-10-17,86
leche,2024-10-17,64
frijol,2024-10-17,31
arroz,2024-10-17,24
pollo,2024-10-17,44
aguacate,2024-10-17,17
chile,2024-10-17,17
jitomate,2024-10-18,52
cebolla,2024-10-18,21
huevo,2024-10-18,68
tortilla,2024-10-18,77
leche,2024-10-18,51
frijol,2024-10-18,26
arroz,2024-10-18,37
pollo,2024-10-18,32
aguacate,2024-10-18,23
chile,2024-10-18,21
jitomate,2024-10-19,53
cebolla,2024-10-19,36
huevo,2024-10-19,81
tortilla,2024-10-19,125
leche,2024-10-19,77
frijol,2024-10-19,29
arroz,2024-10-19,36
pollo,2024-10-19,50
aguacate,2024-10-19,29
chile,2024-10-19,24
jitomate,2024-10-20,54
cebolla,2024-10-20,37
huevo,2024-10-20,72
tortilla,2024-10-20,131
leche,2024-10-20,57
frijol,2024-10-20,40
arroz,2024-10-20,39
pollo,2024-10-20,39
aguacate,2024-10-20,31
chile,2024-10-20,25
jitomate,2024-10-21,47
cebolla,2024-10-21,37
huevo,2024-10-21,60
tortilla,2024-10-21,84
leche,2024-10-21,48
frijol,2024-10-21,22
arroz,2024-10-21,26
pollo,2024-10-21,38
aguacate,2024-10-21,23
chile,2024-10-21,18
jitomate,2024-10-22,37
cebolla,2024-10-22,33
huevo,2024-10-22,58
tortilla,2024-10-22,80
leche,2024-10-22,51
frijol,2024-10-22,25
arroz,2024-10-22,25
pollo,2024-10-22,41
aguacate,2024-10-22,26
chile,2024-10-22,19
jitomate,2024-10-23,43
cebolla,2024-10-23,34
huevo,2024-10-23,63
tortilla,2024-10-23,107
leche,2024-10-23,66
frijol,2024-10-23,27
arroz,2024-10-23,31
pollo,2024-10-23,42
aguacate,2024-10-23,22
chile,2024-10-23,16
jitomate,2024-10-24,48
cebolla,2024-10-24,24
huevo,2024-10-24,80
tortilla,2024-10-24,107
leche,2024-10-24,54
frijol,2024-10-24,26
arroz,2024-10-24,37
pollo,2024-10-24,32
aguacate,2024-10-24,19
chile,2024-10-24,17
jitomate,2024-10-25,40
cebolla,2024-10-25,27
huevo,2024-10-25,64
tortilla,2024-10-25,96
leche,2024-10-25,46
frijol,2024-10-25,33
arroz,2024-10-25,23
pollo,2024-10-25,30
aguacate,2024-10-25,24
chile,2024-10-25,18
jitomate,2024-10-26,58
cebolla,2024-10-26,37
huevo,2024-10-26,69
tortilla,2024-10-26,111
leche,2024-10-26,61
frijol,2024-10-26,37
arroz,2024-10-26,35
pollo,2024-10-26,53
aguacate,2024-10-26,33
chile,2024-10-26,28
jitomate,2024-10-27,62
cebolla,2024-10-27,46
huevo,2024-10-27,91
tortilla,2024-10-27,113
leche,2024-10-27,66
frijol,2024-10-27,25
arroz,2024-10-27,40
pollo,2024-10-27,43
aguacate,2024-10-27,32
chile,2024-10-27,27
jitomate,2024-10-28,33
cebolla,2024-10-28,27
huevo,2024-10-28,60
tortilla,2024-10-28,87
leche,2024-10-28,54
frijol,2024-10-28,22
arroz,2024-10-28,30
pollo,2024-10-28,27
aguacate,2024-10-28,16
chile,2024-10-28,21
jitomate,2024-10-29,42
cebolla,2024-10-29,36
huevo,2024-10-29,62
tortilla,2024-10-29,93
leche,2024-10-29,62
frijol,2024-10-29,31
arroz,2024-10-29,42
pollo,2024-10-29,49
aguacate,2024-10-29,28
chile,2024-10-29,26
jitomate,2024-10-30,61
cebolla,2024-10-30,42
huevo,2024-10-30,74
tortilla,2024-10-30,136
leche,2024-10-30,83
frijol,2024-10-30,36
arroz,2024-10-30,47
pollo,2024-10-30,52
aguacate,2024-10-30,33
chile,2024-10-30,20
jitomate,2024-10-31,44
cebolla,2024-10-31,39
huevo,2024-10-31,59
tortilla,2024-10-31,108
leche,2024-10-31,74
frijol,2024-10-31,30
arroz,2024-10-31,40
pollo,2024-10-31,37
aguacate,2024-10-31,27
chile,2024-10-31,27
jitomate,2024-11-01,57
cebolla,2024-11-01,43
huevo,2024-11-01,104
tortilla,2024-11-01,148
leche,2024-11-01,60
frijol,2024-11-01,41
arroz,2024-11-01,35
pollo,2024-11-01,48
aguacate,2024-11-01,30
chile,2024-11-01,29
jitomate,2024-11-02,48
cebolla,2024-11-02,46
huevo,2024-11-02,93
tortilla,2024-11-02,144
leche,2024-11-02,69
frijol,2024-11-02,41
arroz,2024-11-02,36
pollo,2024-11-02,59
aguacate,2024-11-02,33
chile,2024-11-02,20
jitomate,2024-11-03,61
cebolla,2024-11-03,44
huevo,2024-11-03,81
tortilla,2024-11-03,114
leche,2024-11-03,69
frijol,2024-11-03,28
arroz,2024-11-03,50
pollo,2024-11-03,42
aguacate,2024-11-03,28
chile,2024-11-03,30
jitomate,2024-11-04,48
cebolla,2024-11-04,37
huevo,2024-11-04,81
tortilla,2024-11-04,94
leche,2024-11-04,46
frijol,2024-11-04,31
arroz,2024-11-04,34
pollo,2024-11-04,37
aguacate,2024-11-04,20
chile,2024-11-04,23
jitomate,2024-11-05,48
cebolla,2024-11-05,26
huevo,2024-11-05,74
tortilla,2024-11-05,78
leche,2024-11-05,51
frijol,2024-11-05,23
arroz,2024-11-05,28
pollo,2024-11-05,34
aguacate,2024-11-05,22
chile,2024-11-05,22
jitomate,2024-11-06,46
cebolla,2024-11-06,36
huevo,2024-11-06,77
tortilla,2024-11-06,93
leche,2024-11-06,56
frijol,2024-11-06,30
arroz,2024-11-06,39
pollo,2024-11-06,44
aguacate,2024-11-06,29
chile,2024-11-06,23
jitomate,2024-11-07,51
cebolla,2024-11-07,24
huevo,2024-11-07,75
tortilla,2024-11-07,102
leche,2024-11-07,55
frijol,2024-11-07,25
arroz,2024-11-07,29
pollo,2024-11-07,41
aguacate,2024-11-07,27
chile,2024-11-07,15
jitomate,2024-11-08,45
cebolla,2024-11-08,30
huevo,2024-11-08,57
tortilla,2024-11-08,105
leche,2024-11-08,52
frijol,2024-11-08,25
arroz,2024-11-08,27
pollo,2024-11-08,40
aguacate,2024-11-08,24
chile,2024-11-08,17
jitomate,2024-11-09,50
cebolla,2024-11-09,42
huevo,2024-11-09,91
tortilla,2024-11-09,108
leche,2024-11-09,77
frijol,2024-11-09,31
arroz,2024-11-09,56
pollo,2024-11-09,43
aguacate,2024-11-09,28
chile,2024-11-09,26
jitomate,2024-11-10,49
cebolla,2024-11-10,48
huevo,2024-11-10,109
tortilla,2024-11-10,121
leche,2024-11-10,73
frijol,2024-11-10,33
arroz,2024-11-10,40
pollo,2024-11-10,61
aguacate,2024-11-10,36
chile,2024-11-10,22
jitomate,2024-11-11,54
cebolla,2024-11-11,39
huevo,2024-11-11,71
tortilla,2024-11-11,89
leche,2024-11-11,56
frijol,2024-11-11,24
arroz,2024-11-11,33
pollo,2024-11-11,37
aguacate,2024-11-11,16
chile,2024-11-11,23
jitomate,2024-11-12,45
cebolla,2024-11-12,38
huevo,2024-11-12,65
tortilla,2024-11-12,102
leche,2024-11-12,64
frijol,2024-11-12,29
arroz,2024-11-12,32
pollo,2024-11-12,57
aguacate,2024-11-12,24
chile,2024-11-12,20
jitomate,2024-11-13,55
cebolla,2024-11-13,29
huevo,2024-11-13,56
tortilla,2024-11-13,78
leche,2024-11-13,59
frijol,2024-11-13,30
arroz,2024-11-13,34
pollo,2024-11-13,31
aguacate,2024-11-13,28
chile,2024-11-13,23
jitomate,2024-11-14,54
cebolla,2024-11-14,41
huevo,2024-11-14,91
tortilla,2024-11-14,131
leche,2024-11-14,75
frijol,2024-11-14,29
arroz,2024-11-14,37
pollo,2024-11-14,39
aguacate,2024-11-14,33
chile,2024-11-14,27
jitomate,2024-11-15,54
cebolla,2024-11-15,43
huevo,2024-11-15,63
tortilla,2024-11-15,140
leche,2024-11-15,64
frijol,2024-11-15,35
arroz,2024-11-15,45
pollo,2024-11-15,43
aguacate,2024-11-15,36
chile,2024-11-15,25
jitomate,2024-11-16,72
cebolla,2024-11-16,58
huevo,2024-11-16,87
tortilla,2024-11-16,175
leche,2024-11-16,90
frijol,2024-11-16,52
arroz,2024-11-16,48
pollo,2024-11-16,59
aguacate,2024-11-16,42
chile,2024-11-16,32
jitomate,2024-11-17,47
cebolla,2024-11-17,42
huevo,2024-11-17,102
tortilla,2024-11-17,127
leche,2024-11-17,62
frijol,2024-11-17,40
arroz,2024-11-17,29
pollo,2024-11-17,34
aguacate,2024-11-17,31
chile,2024-11-17,26
jitomate,2024-11-18,45
cebolla,2024-11-18,29
huevo,2024-11-18,65
tortilla,2024-11-18,78
leche,2024-11-18,57
frijol,2024-11-18,21
arroz,2024-11-18,30
pollo,2024-11-18,40
aguacate,2024-11-18,18
chile,2024-11-18,18
jitomate,2024-11-19,49
cebolla,2024-11-19,41
huevo,2024-11-19,51
tortilla,2024-11-19,104
leche,2024-11-19,45
frijol,2024-11-19,22
arroz,2024-11-19,38
pollo,2024-11-19,42
aguacate,2024-11-19,21
chile,2024-11-19,20
jitomate,2024-11-20,48
cebolla,2024-11-20,34
huevo,2024-11-20,88
tortilla,2024-11-20,108
leche,2024-11-20,30
frijol,2024-11-20,26
arroz,2024-11-20,27
pollo,2024-11-20,37
aguacate,2024-11-20,24
chile,2024-11-20,18
jitomate,2024-11-21,37
cebolla,2024-11-21,40
huevo,2024-11-21,72
tortilla,2024-11-21,89
leche,2024-11-21,61
frijol,2024-11-21,30
arroz,2024-11-21,37
pollo,2024-11-21,32
aguacate,2024-11-21,27
chile,2024-11-21,18
jitomate,2024-11-22,52
cebolla,2024-11-22,32
huevo,2024-11-22,44
tortilla,2024-11-22,100
leche,2024-11-22,40
frijol,2024-11-22,27
arroz,2024-11-22,31
pollo,2024-11-22,36
aguacate,2024-11-22,19
chile,2024-11-22,16
jitomate,2024-11-23,50
cebolla,2024-11-23,41
huevo,2024-11-23,102
tortilla,2024-11-23,142
leche,2024-11-23,66
frijol,2024-11-23,43
arroz,2024-11-23,32
pollo,2024-11-23,55
aguacate,2024-11-23,31
chile,2024-11-23,27
jitomate,2024-11-24,63
cebolla,2024-11-24,39
huevo,2024-11-24,96
tortilla,2024-11-24,129
leche,2024-11-24,97
frijol,2024-11-24,34
arroz,2024-11-24,48
pollo,2024-11-24,55
aguacate,2024-11-24,26
chile,2024-11-24,31
jitomate,2024-11-25,37
cebolla,2024-11-25,22
huevo,2024-11-25,74
tortilla,2024-11-25,115
leche,2024-11-25,55
frijol,2024-11-25,26
arroz,2024-11-25,38
pollo,2024-11-25,43
aguacate,2024-11-25,22
chile,2024-11-25,22
jitomate,2024-11-26,36
cebolla,2024-11-26,30
huevo,2024-11-26,56
tortilla,2024-11-26,66
leche,2024-11-26,45
frijol,2024-11-26,33
arroz,2024-11-26,26
pollo,2024-11-26,35
aguacate,2024-11-26,20
chile,2024-11-26,22
jitomate,2024-11-27,44
cebolla,2024-11-27,35
huevo,2024-11-27,65
tortilla,2024-11-27,82
leche,2024-11-27,47
frijol,2024-11-27,31
arroz,2024-11-27,31
pollo,2024-11-27,43
aguacate,2024-11-27,13
chile,2024-11-27,23
jitomate,2024-11-28,41
cebolla,2024-11-28,44
huevo,2024-11-28,61
tortilla,2024-11-28,99
leche,2024-11-28,60
frijol,2024-11-28,24
arroz,2024-11-28,35
pollo,2024-11-28,35
aguacate,2024-11-28,29
chile,2024-11-28,22
jitomate,2024-11-29,59
cebolla,2024-11-29,37
huevo,2024-11-29,80
tortilla,2024-11-29,129
leche,2024-11-29,48
frijol,2024-11-29,32
arroz,2024-11-29,44
pollo,2024-11-29,39
aguacate,2024-11-29,36
chile,2024-11-29,22
jitomate,2024-11-30,75
cebolla,2024-11-30,44
huevo,2024-11-30,115
tortilla,2024-11-30,172
leche,2024-11-30,105
frijol,2024-11-30,54
arroz,2024-11-30,59
pollo,2024-11-30,65
aguacate,2024-11-30,32
chile,2024-11-30,39
jitomate,2024-12-01,65
cebolla,2024-12-01,57
huevo,2024-12-01,135
tortilla,2024-12-01,195
leche,2024-12-01,126
frijol,2024-12-01,51
arroz,2024-12-01,42
pollo,2024-12-01,68
aguacate,2024-12-01,46
chile,2024-12-01,35
jitomate,2024-12-02,61
cebolla,2024-12-02,36
huevo,2024-12-02,59
tortilla,2024-12-02,120
leche,2024-12-02,52
frijol,2024-12-02,39
arroz,2024-12-02,36
pollo,2024-12-02,35
aguacate,2024-12-02,32
chile,2024-12-02,30
jitomate,2024-12-03,35
cebolla,2024-12-03,43
huevo,2024-12-03,80
tortilla,2024-12-03,115
leche,2024-12-03,66
frijol,2024-12-03,34
arroz,2024-12-03,31
pollo,2024-12-03,53
aguacate,2024-12-03,22
chile,2024-12-03,29
jitomate,2024-12-04,61
cebolla,2024-12-04,31
huevo,2024-12-04,75
tortilla,2024-12-04,136
leche,2024-12-04,58
frijol,2024-12-04,30
arroz,2024-12-04,33
pollo,2024-12-04,51
aguacate,2024-12-04,25
chile,2024-12-04,22
jitomate,2024-12-05,54
cebolla,2024-12-05,36
huevo,2024-12-05,65
tortilla,2024-12-05,90
leche,2024-12-05,48
frijol,2024-12-05,26
arroz,2024-12-05,26
pollo,2024-12-05,39
aguacate,2024-12-05,29
chile,2024-12-05,23
jitomate,2024-12-06,44
cebolla,2024-12-06,32
huevo,2024-12-06,64
tortilla,2024-12-06,89
leche,2024-12-06,51
frijol,2024-12-06,35
arroz,2024-12-06,28
pollo,2024-12-06,44
aguacate,2024-12-06,25
chile,2024-12-06,31
jitomate,2024-12-07,47
cebolla,2024-12-07,50
huevo,2024-12-07,93
tortilla,2024-12-07,129
leche,2024-12-07,85
frijol,2024-12-07,42
arroz,2024-12-07,38
pollo,2024-12-07,61
aguacate,2024-12-07,38
chile,2024-12-07,35
jitomate,2024-12-08,59
cebolla,2024-12-08,60
huevo,2024-12-08,95
tortilla,2024-12-08,103
leche,2024-12-08,88
frijol,2024-12-08,40
arroz,2024-12-08,39
pollo,2024-12-08,65
aguacate,2024-12-08,33
chile,2024-12-08,34
jitomate,2024-12-09,49
cebolla,2024-12-09,42
huevo,2024-12-09,83
tortilla,2024-12-09,120
leche,2024-12-09,53
frijol,2024-12-09,36
arroz,2024-12-09,35
pollo,2024-12-09,57
aguacate,2024-12-09,29
chile,2024-12-09,25
jitomate,2024-12-10,44
cebolla,2024-12-10,35
huevo,2024-12-10,76
tortilla,2024-12-10,93
leche,2024-12-10,52
frijol,2024-12-10,31
arroz,2024-12-10,35
pollo,2024-12-10,45
aguacate,2024-12-10,32
chile,2024-12-10,21
jitomate,2024-12-11,55
cebolla,2024-12-11,37
huevo,2024-12-11,73
tortilla,2024-12-11,117
leche,2024-12-11,43
frijol,2024-12-11,32
arroz,2024-12-11,32
pollo,2024-12-11,38
aguacate,2024-12-11,20
chile,2024-12-11,21
jitomate,2024-12-12,36
cebolla,2024-12-12,42
huevo,2024-12-12,72
tortilla,2024-12-12,84
leche,2024-12-12,56
frijol,2024-12-12,35
arroz,2024-12-12,32
pollo,2024-12-12,42
aguacate,2024-12-12,26
chile,2024-12-12,22
jitomate,2024-12-13,37
cebolla,2024-12-13,37
huevo,2024-12-13,69
tortilla,2024-12-13,162
leche,2024-12-13,61
frijol,2024-12-13,29
arroz,2024-12-13,40
pollo,2024-12-13,43
aguacate,2024-12-13,29
chile,2024-12-13,20
jitomate,2024-12-14,100
cebolla,2024-12-14,55
huevo,2024-12-14,129
tortilla,2024-12-14,214
leche,2024-12-14,97
frijol,2024-12-14,51
arroz,2024-12-14,62
pollo,2024-12-14,78
aguacate,2024-12-14,37
chile,2024-12-14,38
jitomate,2024-12-15,70
cebolla,2024-12-15,54
huevo,2024-12-15,110
tortilla,2024-12-15,216
leche,2024-12-15,126
frijol,2024-12-15,71
arroz,2024-12-15,56
pollo,2024-12-15,62
aguacate,2024-12-15,38
chile,2024-12-15,45
jitomate,2024-12-16,48
cebolla,2024-12-16,45
huevo,2024-12-16,86
tortilla,2024-12-16,178
leche,2024-12-16,66
frijol,2024-12-16,46
arroz,2024-12-16,52
pollo,2024-12-16,53
aguacate,2024-12-16,37
chile,2024-12-16,22
jitomate,2024-12-17,49
cebolla,2024-12-17,36
huevo,2024-12-17,46
tortilla,2024-12-17,120
leche,2024-12-17,66
frijol,2024-12-17,23
arroz,2024-12-17,28
pollo,2024-12-17,39
aguacate,2024-12-17,25
chile,2024-12-17,21
jitomate,2024-12-18,43
cebolla,2024-12-18,32
huevo,2024-12-18,78
tortilla,2024-12-18,104
leche,2024-12-18,61
frijol,2024-12-18,30
arroz,2024-12-18,37
pollo,2024-12-18,43
aguacate,2024-12-18,31
chile,2024-12-18,23
jitomate,2024-12-19,57
cebolla,2024-12-19,45
huevo,2024-12-19,59
tortilla,2024-12-19,128
leche,2024-12-19,79
frijol,2024-12-19,27
arroz,2024-12-19,35
pollo,2024-12-19,41
aguacate,2024-12-19,29
chile,2024-12-19,24
jitomate,2024-12-20,45
cebolla,2024-12-20,45
huevo,2024-12-20,65
tortilla,2024-12-20,110
leche,2024-12-20,72
frijol,2024-12-20,40
arroz,2024-12-20,32
pollo,2024-12-20,49
aguacate,2024-12-20,28
chile,2024-12-20,17
jitomate,2024-12-21,56
cebolla,2024-12-21,40
huevo,2024-12-21,90
tortilla,2024-12-21,137
leche,2024-12-21,82
frijol,2024-12-21,48
arroz,2024-12-21,48
pollo,2024-12-21,80
aguacate,2024-12-21,34
chile,2024-12-21,33
jitomate,2024-12-22,69
cebolla,2024-12-22,60
huevo,2024-12-22,92
tortilla,2024-12-22,165
leche,2024-12-22,101
frijol,2024-12-22,36
arroz,2024-12-22,45
pollo,2024-12-22,61
aguacate,2024-12-22,33
chile,2024-12-22,25
jitomate,2024-12-23,64
cebolla,2024-12-23,36
huevo,2024-12-23,95
tortilla,2024-12-23,104
leche,2024-12-23,61
frijol,2024-12-23,35
arroz,2024-12-23,34
pollo,2024-12-23,38
aguacate,2024-12-23,25
chile,2024-12-23,23
jitomate,2024-12-24,45
cebolla,2024-12-24,38
huevo,2024-12-24,50
tortilla,2024-12-24,103
leche,2024-12-24,61
frijol,2024-12-24,29
arroz,2024-12-24,30
pollo,2024-12-24,38
aguacate,2024-12-24,28
chile,2024-12-24,28
jitomate,2024-12-25,40
cebolla,2024-12-25,36
huevo,2024-12-25,86
tortilla,2024-12-25,118
leche,2024-12-25,62
frijol,2024-12-25,29
arroz,2024-12-25,35
pollo,2024-12-25,43
aguacate,2024-12-25,18
chile,2024-12-25,20
jitomate,2024-12-26,35
cebolla,2024-12-26,45
huevo,2024-12-26,84
tortilla,2024-12-26,99
leche,2024-12-26,70
frijol,2024-12-26,43
arroz,2024-12-26,32
pollo,2024-12-26,52
aguacate,2024-12-26,29
chile,2024-12-26,22
jitomate,2024-12-27,42
cebolla,2024-12-27,34
huevo,2024-12-27,71
tortilla,2024-12-27,73
leche,2024-12-27,67
frijol,2024-12-27,30
arroz,2024-12-27,37
pollo,2024-12-27,41
aguacate,2024-12-27,40
chile,2024-12-27,17
jitomate,2024-12-28,56
cebolla,2024-12-28,54
huevo,2024-12-28,132
tortilla,2024-12-28,124
leche,2024-12-28,104
frijol,2024-12-28,35
arroz,2024-12-28,54
pollo,2024-12-28,58
aguacate,2024-12-28,48
chile,2024-12-28,37
jitomate,2024-12-29,73
cebolla,2024-12-29,88
huevo,2024-12-29,101
tortilla,2024-12-29,174
leche,2024-12-29,129
frijol,2024-12-29,45
arroz,2024-12-29,51
pollo,2024-12-29,72
aguacate,2024-12-29,48
chile,2024-12-29,39
jitomate,2024-12-30,56
cebolla,2024-12-30,48
huevo,2024-12-30,103
tortilla,2024-12-30,172
leche,2024-12-30,82
frijol,2024-12-30,32
arroz,2024-12-30,44
pollo,2024-12-30,50
aguacate,2024-12-30,41
chile,2024-12-30,21
jitomate,2024-12-31,68
cebolla,2024-12-31,39
huevo,2024-12-31,112
tortilla,2024-12-31,157
leche,2024-12-31,81
frijol,2024-12-31,42
arroz,2024-12-31,42
pollo,2024-12-31,60
aguacate,2024-12-31,34
chile,2024-12-31,31
jitomate,2025-01-01,48
cebolla,2025-01-01,22
huevo,2025-01-01,66
tortilla,2025-01-01,131
leche,2025-01-01,72
frijol,2025-01-01,30
arroz,2025-01-01,33
pollo,2025-01-01,39
aguacate,2025-01-01,29
chile,2025-01-01,23
jitomate,2025-01-02,32
cebolla,2025-01-02,31
huevo,2025-01-02,68
tortilla,2025-01-02,73
leche,2025-01-02,46
frijol,2025-01-02,25
arroz,2025-01-02,29
pollo,2025-01-02,31
aguacate,2025-01-02,19
chile,2025-01-02,16
jitomate,2025-01-03,40
cebolla,2025-01-03,30
huevo,2025-01-03,57
tortilla,2025-01-03,68
leche,2025-01-03,40
frijol,2025-01-03,26
arroz,2025-01-03,22
pollo,2025-01-03,34
aguacate,2025-01-03,20
chile,2025-01-03,16
jitomate,2025-01-04,50
cebolla,2025-01-04,46
huevo,2025-01-04,77
tortilla,2025-01-04,106
leche,2025-01-04,48
frijol,2025-01-04,33
arroz,2025-01-04,40
pollo,2025-01-04,47
aguacate,2025-01-04,32
chile,2025-01-04,24
jitomate,2025-01-05,40
cebolla,2025-01-05,37
huevo,2025-01-05,80
tortilla,2025-01-05,123
leche,2025-01-05,57
frijol,2025-01-05,31
arroz,2025-01-05,36
pollo,2025-01-05,51
aguacate,2025-01-05,31
chile,2025-01-05,24
jitomate,2025-01-06,40
cebolla,2025-01-06,24
huevo,2025-01-06,48
tortilla,2025-01-06,84
leche,2025-01-06,55
frijol,2025-01-06,25
arroz,2025-01-06,29
pollo,2025-01-06,26
aguacate,2025-01-06,16
chile,2025-01-06,20
jitomate,2025-01-07,38
cebolla,2025-01-07,23
huevo,2025-01-07,65
tortilla,2025-01-07,89
leche,2025-01-07,69
frijol,2025-01-07,28
arroz,2025-01-07,28
pollo,2025-01-07,32
aguacate,2025-01-07,22
chile,2025-01-07,17
jitomate,2025-01-08,30
cebolla,2025-01-08,32
huevo,2025-01-08,59
tortilla,2025-01-08,50
leche,2025-01-08,43
frijol,2025-01-08,21
arroz,2025-01-08,31
pollo,2025-01-08,33
aguacate,2025-01-08,26
chile,2025-01-08,13
jitomate,2025-01-09,32
cebolla,2025-01-09,33
huevo,2025-01-09,51
tortilla,2025-01-09,72
leche,2025-01-09,44
frijol,2025-01-09,21
arroz,2025-01-09,29
pollo,2025-01-09,39
aguacate,2025-01-09,16
chile,2025-01-09,16
jitomate,2025-01-10,38
cebolla,2025-01-10,29
huevo,2025-01-10,64
tortilla,2025-01-10,87
leche,2025-01-10,43
frijol,2025-01-10,20
arroz,2025-01-10,19
pollo,2025-01-10,31
aguacate,2025-01-10,21
chile,2025-01-10,19
jitomate,2025-01-11,47
cebolla,2025-01-11,50
huevo,2025-01-11,73
tortilla,2025-01-11,103
leche,2025-01-11,65
frijol,2025-01-11,26
arroz,2025-01-11,36
pollo,2025-01-11,30
aguacate,2025-01-11,30
chile,2025-01-11,22
jitomate,2025-01-12,51
cebolla,2025-01-12,38
huevo,2025-01-12,60
tortilla,2025-01-12,96
leche,2025-01-12,76
frijol,2025-01-12,33
arroz,2025-01-12,31
pollo,2025-01-12,46
aguacate,2025-01-12,29
chile,2025-01-12,29
jitomate,2025-01-13,44
cebolla,2025-01-13,30
huevo,2025-01-13,53
tortilla,2025-01-13,108
leche,2025-01-13,47
frijol,2025-01-13,21
arroz,2025-01-13,22
pollo,2025-01-13,29
aguacate,2025-01-13,20
chile,2025-01-13,19
jitomate,2025-01-14,54
cebolla,2025-01-14,42
huevo,2025-01-14,73
tortilla,2025-01-14,120
leche,2025-01-14,79
frijol,2025-01-14,34
arroz,2025-01-14,41
pollo,2025-01-14,32
aguacate,2025-01-14,23
chile,2025-01-14,19
jitomate,2025-01-15,28
cebolla,2025-01-15,36
huevo,2025-01-15,86
tortilla,2025-01-15,98
leche,2025-01-15,61
frijol,2025-01-15,26
arroz,2025-01-15,31
pollo,2025-01-15,43
aguacate,2025-01-15,21
chile,2025-01-15,25
jitomate,2025-01-16,34
cebolla,2025-01-16,37
huevo,2025-01-16,66
tortilla,2025-01-16,131
leche,2025-01-16,66
frijol,2025-01-16,20
arroz,2025-01-16,21
pollo,2025-01-16,35
aguacate,2025-01-16,24
chile,2025-01-16,21
jitomate,2025-01-17,38
cebolla,2025-01-17,31
huevo,2025-01-17,45
tortilla,2025-01-17,62
leche,2025-01-17,49
frijol,2025-01-17,22
arroz,2025-01-17,26
pollo,2025-01-17,30
aguacate,2025-01-17,20
chile,2025-01-17,21
jitomate,2025-01-18,37
cebolla,2025-01-18,30
huevo,2025-01-18,81
tortilla,2025-01-18,137
leche,2025-01-18,60
frijol,2025-01-18,25
arroz,2025-01-18,24
pollo,2025-01-18,45
aguacate,2025-01-18,22
chile,2025-01-18,29
jitomate,2025-01-19,67
cebolla,2025-01-19,38
huevo,2025-01-19,79
tortilla,2025-01-19,109
leche,2025-01-19,72
frijol,2025-01-19,31
arroz,2025-01-19,35
pollo,2025-01-19,52
aguacate,2025-01-19,30
chile,2025-01-19,29
jitomate,2025-01-20,29
cebolla,2025-01-20,26
huevo,2025-01-20,49
tortilla,2025-01-20,96
leche,2025-01-20,44
frijol,2025-01-20,26
arroz,2025-01-20,22
pollo,2025-01-20,33
aguacate,2025-01-20,28
chile,2025-01-20,21
jitomate,2025-01-21,27
cebolla,2025-01-21,30
huevo,2025-01-21,64
tortilla,2025-01-21,79
leche,2025-01-21,40
frijol,2025-01-21,26
arroz,2025-01-21,27
pollo,2025-01-21,36
aguacate,2025-01-21,20
chile,2025-01-21,23
jitomate,2025-01-22,33
cebolla,2025-01-22,26
huevo,2025-01-22,61
tortilla,2025-01-22,95
leche,2025-01-22,38
frijol,2025-01-22,28
arroz,2025-01-22,21
pollo,2025-01-22,33
aguacate,2025-01-22,20
chile,2025-01-22,15
jitomate,2025-01-23,44
cebolla,2025-01-23,18
huevo,2025-01-23,51
tortilla,2025-01-23,74
leche,2025-01-23,54
frijol,2025-01-23,29
arroz,2025-01-23,30
pollo,2025-01-23,40
aguacate,2025-01-23,14
chile,2025-01-23,18
jitomate,2025-01-24,30
cebolla,2025-01-24,27
huevo,2025-01-24,59
tortilla,2025-01-24,87
leche,2025-01-24,57
frijol,2025-01-24,17
arroz,2025-01-24,23
pollo,2025-01-24,26
aguacate,2025-01-24,16
chile,2025-01-24,20
jitomate,2025-01-25,51
cebolla,2025-01-25,46
huevo,2025-01-25,87
tortilla,2025-01-25,112
leche,2025-01-25,53
frijol,2025-01-25,35
arroz,2025-01-25,31
pollo,2025-01-25,35
aguacate,2025-01-25,22
chile,2025-01-25,23
jitomate,2025-01-26,59
cebolla,2025-01-26,37
huevo,2025-01-26,88
tortilla,2025-01-26,113
leche,2025-01-26,58
frijol,2025-01-26,43
arroz,2025-01-26,44
pollo,2025-01-26,45
aguacate,2025-01-26,24
chile,2025-01-26,17
jitomate,2025-01-27,40
cebolla,2025-01-27,27
huevo,2025-01-27,61
tortilla,2025-01-27,90
leche,2025-01-27,51
frijol,2025-01-27,28
arroz,2025-01-27,28
pollo,2025-01-27,30
aguacate,2025-01-27,18
chile,2025-01-27,19
jitomate,2025-01-28,32
cebolla,2025-01-28,32
huevo,2025-01-28,63
tortilla,2025-01-28,85
leche,2025-01-28,42
frijol,2025-01-28,17
arroz,2025-01-28,22
pollo,2025-01-28,25
aguacate,2025-01-28,21
chile,2025-01-28,16
jitomate,2025-01-29,41
cebolla,2025-01-29,40
huevo,2025-01-29,73
tortilla,2025-01-29,108
leche,2025-01-29,64
frijol,2025-01-29,34
arroz,2025-01-29,25
pollo,2025-01-29,46
aguacate,2025-01-29,19
chile,2025-01-29,19
jitomate,2025-01-30,55
cebolla,2025-01-30,39
huevo,2025-01-30,78
tortilla,2025-01-30,110
leche,2025-01-30,72
frijol,2025-01-30,23
arroz,2025-01-30,32
pollo,2025-01-30,42
aguacate,2025-01-30,34
chile,2025-01-30,25
jitomate,2025-01-31,55
cebolla,2025-01-31,32
huevo,2025-01-31,95
tortilla,2025-01-31,114
leche,2025-01-31,50
frijol,2025-01-31,40
arroz,2025-01-31,26
pollo,2025-01-31,36
aguacate,2025-01-31,25
chile,2025-01-31,18
jitomate,2025-02-01,65
cebolla,2025-02-01,47
huevo,2025-02-01,91
tortilla,2025-02-01,173
leche,2025-02-01,56
frijol,2025-02-01,45
arroz,2025-02-01,37
pollo,2025-02-01,64
aguacate,2025-02-01,42
chile,2025-02-01,36
jitomate,2025-02-02,46
cebolla,2025-02-02,30
huevo,2025-02-02,75
tortilla,2025-02-02,107
leche,2025-02-02,44
frijol,2025-02-02,33
arroz,2025-02-02,29
pollo,2025-02-02,51
aguacate,2025-02-02,30
chile,2025-02-02,21
jitomate,2025-02-03,37
cebolla,2025-02-03,27
huevo,2025-02-03,51
tortilla,2025-02-03,121
leche,2025-02-03,40
frijol,2025-02-03,23
arroz,2025-02-03,30
pollo,2025-02-03,30
aguacate,2025-02-03,18
chile,2025-02-03,13
jitomate,2025-02-04,43
cebolla,2025-02-04,31
huevo,2025-02-04,59
tortilla,2025-02-04,64
leche,2025-02-04,49
frijol,2025-02-04,24
arroz,2025-02-04,24
pollo,2025-02-04,26
aguacate,2025-02-04,20
chile,2025-02-04,14
jitomate,2025-02-05,37
cebolla,2025-02-05,28
huevo,2025-02-05,52
tortilla,2025-02-05,94
leche,2025-02-05,46
frijol,2025-02-05,25
arroz,2025-02-05,27
pollo,2025-02-05,37
aguacate,2025-02-05,17
chile,2025-02-05,16
jitomate,2025-02-06,42
cebolla,2025-02-06,28
huevo,2025-02-06,65
tortilla,2025-02-06,92
leche,2025-02-06,43
frijol,2025-02-06,26
arroz,2025-02-06,25
pollo,2025-02-06,37
aguacate,2025-02-06,26
chile,2025-02-06,19
jitomate,2025-02-07,49
cebolla,2025-02-07,21
huevo,2025-02-07,51
tortilla,2025-02-07,79
leche,2025-02-07,43
frijol,2025-02-07,24
arroz,2025-02-07,24
pollo,2025-02-07,38
aguacate,2025-02-07,23
chile,2025-02-07,18
jitomate,2025-02-08,41
cebolla,2025-02-08,39
huevo,2025-02-08,79
tortilla,2025-02-08,113
leche,2025-02-08,60
frijol,2025-02-08,36
arroz,2025-02-08,31
pollo,2025-02-08,40
aguacate,2025-02-08,29
chile,2025-02-08,23
jitomate,2025-02-09,54
cebolla,2025-02-09,34
huevo,2025-02-09,58
tortilla,2025-02-09,88
leche,2025-02-09,56
frijol,2025-02-09,33
arroz,2025-02-09,37
pollo,2025-02-09,30
aguacate,2025-02-09,28
chile,2025-02-09,21
jitomate,2025-02-10,31
cebolla,2025-02-10,37
huevo,2025-02-10,57
tortilla,2025-02-10,93
leche,2025-02-10,64
frijol,2025-02-10,21
arroz,2025-02-10,24
pollo,2025-02-10,39
aguacate,2025-02-10,16
chile,2025-02-10,17
jitomate,2025-02-11,37
cebolla,2025-02-11,32
huevo,2025-02-11,59
tortilla,2025-02-11,71
leche,2025-02-11,53
frijol,2025-02-11,26
arroz,2025-02-11,22
pollo,2025-02-11,29
aguacate,2025-02-11,19
chile,2025-02-11,14
jitomate,2025-02-12,43
cebolla,2025-02-12,26
huevo,2025-02-12,53
tortilla,2025-02-12,70
leche,2025-02-12,43
frijol,2025-02-12,28
arroz,2025-02-12,29
pollo,2025-02-12,24
aguacate,2025-02-12,17
chile,2025-02-12,18
jitomate,2025-02-13,34
cebolla,2025-02-13,25
huevo,2025-02-13,48
tortilla,2025-02-13,66
leche,2025-02-13,47
frijol,2025-02-13,22
arroz,2025-02-13,30
pollo,2025-02-13,32
aguacate,2025-02-13,17
chile,2025-02-13,18
jitomate,2025-02-14,55
cebolla,2025-02-14,31
huevo,2025-02-14,51
tortilla,2025-02-14,96
leche,2025-02-14,46
frijol,2025-02-14,36
arroz,2025-02-14,25
pollo,2025-02-14,38
aguacate,2025-02-14,31
chile,2025-02-14,23
jitomate,2025-02-15,55
cebolla,2025-02-15,40
huevo,2025-02-15,87
tortilla,2025-02-15,130
leche,2025-02-15,92
frijol,2025-02-15,37
arroz,2025-02-15,33
pollo,2025-02-15,60
aguacate,2025-02-15,38
chile,2025-02-15,26
jitomate,2025-02-16,67
cebolla,2025-02-16,45
huevo,2025-02-16,73
tortilla,2025-02-16,133
leche,2025-02-16,62
frijol,2025-02-16,34
arroz,2025-02-16,36
pollo,2025-02-16,55
aguacate,2025-02-16,34
chile,2025-02-16,22
jitomate,2025-02-17,32
cebolla,2025-02-17,28
huevo,2025-02-17,59
tortilla,2025-02-17,84
leche,2025-02-17,31
frijol,2025-02-17,27
arroz,2025-02-17,33
pollo,2025-02-17,40
aguacate,2025-02-17,22
chile,2025-02-17,18
jitomate,2025-02-18,33
cebolla,2025-02-18,28
huevo,2025-02-18,46
tortilla,2025-02-18,84
leche,2025-02-18,36
frijol,2025-02-18,25
arroz,2025-02-18,24
pollo,2025-02-18,36
aguacate,2025-02-18,21
chile,2025-02-18,15
jitomate,2025-02-19,41
cebolla,2025-02-19,23
huevo,2025-02-19,53
tortilla,2025-02-19,76
leche,2025-02-19,51
frijol,2025-02-19,23
arroz,2025-02-19,27
pollo,2025-02-19,35
aguacate,2025-02-19,13
chile,2025-02-19,14
jitomate,2025-02-20,37
cebolla,2025-02-20,32
huevo,2025-02-20,60
tortilla,2025-02-20,99
leche,2025-02-20,44
frijol,2025-02-20,23
arroz,2025-02-20,24
pollo,2025-02-20,30
aguacate,2025-02-20,18
chile,2025-02-20,15
jitomate,2025-02-21,36
cebolla,2025-02-21,25
huevo,2025-02-21,55
tortilla,2025-02-21,60
leche,2025-02-21,49
frijol,2025-02-21,24
arroz,2025-02-21,27
pollo,2025-02-21,30
aguacate,2025-02-21,19
chile,2025-02-21,19
jitomate,2025-02-22,47
cebolla,2025-02-22,47
huevo,2025-02-22,57
tortilla,2025-02-22,104
leche,2025-02-22,50
frijol,2025-02-22,26
arroz,2025-02-22,30
pollo,2025-02-22,39
aguacate,2025-02-22,29
chile,2025-02-22,18
jitomate,2025-02-23,52
cebolla,2025-02-23,28
huevo,2025-02-23,67
tortilla,2025-02-23,129
leche,2025-02-23,64
frijol,2025-02-23,31
arroz,2025-02-23,37
pollo,2025-02-23,45
aguacate,2025-02-23,29
chile,2025-02-23,26
jitomate,2025-02-24,31
cebolla,2025-02-24,27
huevo,2025-02-24,60
tortilla,2025-02-24,92
leche,2025-02-24,50
frijol,2025-02-24,28
arroz,2025-02-24,24
pollo,2025-02-24,26
aguacate,2025-02-24,24
chile,2025-02-24,17
jitomate,2025-02-25,34
cebolla,2025-02-25,28
huevo,2025-02-25,52
tortilla,2025-02-25,95
leche,2025-02-25,52
frijol,2025-02-25,24
arroz,2025-02-25,28
pollo,2025-02-25,32
aguacate,2025-02-25,23
chile,2025-02-25,11
jitomate,2025-02-26,30
cebolla,2025-02-26,27
huevo,2025-02-26,52
tortilla,2025-02-26,71
leche,2025-02-26,50
frijol,2025-02-26,20
arroz,2025-02-26,27
pollo,2025-02-26,33
aguacate,2025-02-26,20
chile,2025-02-26,15
jitomate,2025-02-27,36
cebolla,2025-02-27,33
huevo,2025-02-27,60
tortilla,2025-02-27,95
leche,2025-02-27,45
frijol,2025-02-27,17
arroz,2025-02-27,24
pollo,2025-02-27,31
aguacate,2025-02-27,24
chile,2025-02-27,19
jitomate,2025-02-28,39
cebolla,2025-02-28,24
huevo,2025-02-28,56
tortilla,2025-02-28,80
leche,2025-02-28,44
frijol,2025-02-28,19
arroz,2025-02-28,28
pollo,2025-02-28,32
aguacate,2025-02-28,23
chile,2025-02-28,13
jitomate,2025-03-01,53
cebolla,2025-03-01,74
huevo,2025-03-01,83
tortilla,2025-03-01,150
leche,2025-03-01,85
frijol,2025-03-01,34
arroz,2025-03-01,56
pollo,2025-03-01,55
aguacate,2025-03-01,36
chile,2025-03-01,36
jitomate,2025-03-02,45
cebolla,2025-03-02,35
huevo,2025-03-02,72
tortilla,2025-03-02,91
leche,2025-03-02,66
frijol,2025-03-02,34
arroz,2025-03-02,37
pollo,2025-03-02,49
aguacate,2025-03-02,32
chile,2025-03-02,24
jitomate,2025-03-03,38
cebolla,2025-03-03,35
huevo,2025-03-03,53
tortilla,2025-03-03,107
leche,2025-03-03,48
frijol,2025-03-03,27
arroz,2025-03-03,35
pollo,2025-03-03,23
aguacate,2025-03-03,21
chile,2025-03-03,17
jitomate,2025-03-04,49
cebolla,2025-03-04,28
huevo,2025-03-04,83
tortilla,2025-03-04,68
leche,2025-03-04,52
frijol,2025-03-04,23
arroz,2025-03-04,30
pollo,2025-03-04,31
aguacate,2025-03-04,20
chile,2025-03-04,13
jitomate,2025-03-05,40
cebolla,2025-03-05,23
huevo,2025-03-05,47
tortilla,2025-03-05,89
leche,2025-03-05,48
frijol,2025-03-05,28
arroz,2025-03-05,22
pollo,2025-03-05,36
aguacate,2025-03-05,23
chile,2025-03-05,17
jitomate,2025-03-06,34
cebolla,2025-03-06,29
huevo,2025-03-06,67
tortilla,2025-03-06,83
leche,2025-03-06,55
frijol,2025-03-06,23
arroz,2025-03-06,35
pollo,2025-03-06,34
aguacate,2025-03-06,21
chile,2025-03-06,13
jitomate,2025-03-07,31
cebolla,2025-03-07,31
huevo,2025-03-07,57
tortilla,2025-03-07,92
leche,2025-03-07,44
frijol,2025-03-07,24
arroz,2025-03-07,25
pollo,2025-03-07,36
aguacate,2025-03-07,21
chile,2025-03-07,23
jitomate,2025-03-08,46
cebolla,2025-03-08,45
huevo,2025-03-08,64
tortilla,2025-03-08,107
leche,2025-03-08,56
frijol,2025-03-08,38
arroz,2025-03-08,38
pollo,2025-03-08,46
aguacate,2025-03-08,29
chile,2025-03-08,19
jitomate,2025-03-09,62
cebolla,2025-03-09,46
huevo,2025-03-09,76
tortilla,2025-03-09,115
leche,2025-03-09,70
frijol,2025-03-09,31
arroz,2025-03-09,35
pollo,2025-03-09,41
aguacate,2025-03-09,27
chile,2025-03-09,21
jitomate,2025-03-10,43
cebolla,2025-03-10,28
huevo,2025-03-10,55
tortilla,2025-03-10,80
leche,2025-03-10,38
frijol,2025-03-10,30
arroz,2025-03-10,30
pollo,2025-03-10,39
aguacate,2025-03-10,20
chile,2025-03-10,21
jitomate,2025-03-11,40
cebolla,2025-03-11,36
huevo,2025-03-11,59
tortilla,2025-03-11,88
leche,2025-03-11,45
frijol,2025-03-11,25
arroz,2025-03-11,28
pollo,2025-03-11,42
aguacate,2025-03-11,27
chile,2025-03-11,18
jitomate,2025-03-12,46
cebolla,2025-03-12,17
huevo,2025-03-12,55
tortilla,2025-03-12,92
leche,2025-03-12,56
frijol,2025-03-12,26
arroz,2025-03-12,27
pollo,2025-03-12,32
aguacate,2025-03-12,19
chile,2025-03-12,23
jitomate,2025-03-13,46
cebolla,2025-03-13,35
huevo,2025-03-13,59
tortilla,2025-03-13,81
leche,2025-03-13,53
frijol,2025-03-13,24
arroz,2025-03-13,27
pollo,2025-03-13,34
aguacate,2025-03-13,20
chile,2025-03-13,15
jitomate,2025-03-14,47
cebolla,2025-03-14,29
huevo,2025-03-14,80
tortilla,2025-03-14,124
leche,2025-03-14,54
frijol,2025-03-14,22
arroz,2025-03-14,36
pollo,2025-03-14,44
aguacate,2025-03-14,27
chile,2025-03-14,18
jitomate,2025-03-15,45
cebolla,2025-03-15,60
huevo,2025-03-15,92
tortilla,2025-03-15,154
leche,2025-03-15,79
frijol,2025-03-15,42
arroz,2025-03-15,36
pollo,2025-03-15,52
aguacate,2025-03-15,28
chile,2025-03-15,24
jitomate,2025-03-16,57
cebolla,2025-03-16,35
huevo,2025-03-16,89
tortilla,2025-03-16,128
leche,2025-03-16,65
frijol,2025-03-16,39
arroz,2025-03-16,45
pollo,2025-03-16,49
aguacate,2025-03-16,46
chile,2025-03-16,32
jitomate,2025-03-17,46
cebolla,2025-03-17,28
huevo,2025-03-17,67
tortilla,2025-03-17,98
leche,2025-03-17,42
frijol,2025-03-17,22
arroz,2025-03-17,39
pollo,2025-03-17,32
aguacate,2025-03-17,23
chile,2025-03-17,17
jitomate,2025-03-18,44
cebolla,2025-03-18,25
huevo,2025-03-18,50
tortilla,2025-03-18,103
leche,2025-03-18,50
frijol,2025-03-18,15
arroz,2025-03-18,28
pollo,2025-03-18,33
aguacate,2025-03-18,24
chile,2025-03-18,18
jitomate,2025-03-19,41
cebolla,2025-03-19,30
huevo,2025-03-19,61
tortilla,2025-03-19,73
leche,2025-03-19,43
frijol,2025-03-19,21
arroz,2025-03-19,22
pollo,2025-03-19,38
aguacate,2025-03-19,25
chile,2025-03-19,19
jitomate,2025-03-20,36
cebolla,2025-03-20,27
huevo,2025-03-20,55
tortilla,2025-03-20,103
leche,2025-03-20,53
frijol,2025-03-20,31
arroz,2025-03-20,23
pollo,2025-03-20,33
aguacate,2025-03-20,17
chile,2025-03-20,14
jitomate,2025-03-21,38
cebolla,2025-03-21,28
huevo,2025-03-21,54
tortilla,2025-03-21,68
leche,2025-03-21,50
frijol,2025-03-21,23
arroz,2025-03-21,31
pollo,2025-03-21,37
aguacate,2025-03-21,17
chile,2025-03-21,19
jitomate,2025-03-22,46
cebolla,2025-03-22,47
huevo,2025-03-22,76
tortilla,2025-03-22,106
leche,2025-03-22,60
frijol,2025-03-22,25
arroz,2025-03-22,42
pollo,2025-03-22,59
aguacate,2025-03-22,21
chile,2025-03-22,22
jitomate,2025-03-23,50
cebolla,2025-03-23,35
huevo,2025-03-23,90
tortilla,2025-03-23,136
leche,2025-03-23,61
frijol,2025-03-23,42
arroz,2025-03-23,36
pollo,2025-03-23,43
aguacate,2025-03-23,29
chile,2025-03-23,20
jitomate,2025-03-24,48
cebolla,2025-03-24,32
huevo,2025-03-24,56
tortilla,2025-03-24,86
leche,2025-03-24,42
frijol,2025-03-24,25
arroz,2025-03-24,22
pollo,2025-03-24,34
aguacate,2025-03-24,20
chile,2025-03-24,19
jitomate,2025-03-25,45
cebolla,2025-03-25,33
huevo,2025-03-25,58
tortilla,2025-03-25,79
leche,2025-03-25,47
frijol,2025-03-25,24
arroz,2025-03-25,29
pollo,2025-03-25,31
aguacate,2025-03-25,18
chile,2025-03-25,18
jitomate,2025-03-26,47
cebolla,2025-03-26,38
huevo,2025-03-26,66
tortilla,2025-03-26,75
leche,2025-03-26,59
frijol,2025-03-26,21
arroz,2025-03-26,24
pollo,2025-03-26,37
aguacate,2025-03-26,17
chile,2025-03-26,20
jitomate,2025-03-27,39
cebolla,2025-03-27,31
huevo,2025-03-27,52
tortilla,2025-03-27,99
leche,2025-03-27,53
frijol,2025-03-27,23
arroz,2025-03-27,31
pollo,2025-03-27,21
aguacate,2025-03-27,23
chile,2025-03-27,17
jitomate,2025-03-28,35
cebolla,2025-03-28,30
huevo,2025-03-28,63
tortilla,2025-03-28,78
leche,2025-03-28,48
frijol,2025-03-28,24
arroz,2025-03-28,29
pollo,2025-03-28,41
aguacate,2025-03-28,20
chile,2025-03-28,21
jitomate,2025-03-29,51
cebolla,2025-03-29,50
huevo,2025-03-29,71
tortilla,2025-03-29,145
leche,2025-03-29,88
frijol,2025-03-29,52
arroz,2025-03-29,45
pollo,2025-03-29,49
aguacate,2025-03-29,40
chile,2025-03-29,29
jitomate,2025-03-30,65
cebolla,2025-03-30,54
huevo,2025-03-30,111
tortilla,2025-03-30,106
leche,2025-03-30,80
frijol,2025-03-30,40
arroz,2025-03-30,37
pollo,2025-03-30,42
aguacate,2025-03-30,35
chile,2025-03-30,27
jitomate,2025-03-31,44
cebolla,2025-03-31,36
huevo,2025-03-31,70
tortilla,2025-03-31,111
leche,2025-03-31,76
frijol,2025-03-31,30
arroz,2025-03-31,44
pollo,2025-03-31,51
aguacate,2025-03-31,31
chile,2025-03-31,20
jitomate,2025-04-01,48
cebolla,2025-04-01,32
huevo,2025-04-01,80
tortilla,2025-04-01,111
leche,2025-04-01,67
frijol,2025-04-01,33
arroz,2025-04-01,36
pollo,2025-04-01,41
aguacate,2025-04-01,23
chile,2025-04-01,21
jitomate,2025-04-02,44
cebolla,2025-04-02,29
huevo,2025-04-02,59
tortilla,2025-04-02,102
leche,2025-04-02,54
frijol,2025-04-02,19
arroz,2025-04-02,28
pollo,2025-04-02,30
aguacate,2025-04-02,22
chile,2025-04-02,19
jitomate,2025-04-03,43
cebolla,2025-04-03,37
huevo,2025-04-03,55
tortilla,2025-04-03,86
leche,2025-04-03,54
frijol,2025-04-03,29
arroz,2025-04-03,24
pollo,2025-04-03,39
aguacate,2025-04-03,24
chile,2025-04-03,18
jitomate,2025-04-04,38
cebolla,2025-04-04,33
huevo,2025-04-04,64
tortilla,2025-04-04,95
leche,2025-04-04,45
frijol,2025-04-04,19
arroz,2025-04-04,28
pollo,2025-04-04,34
aguacate,2025-04-04,24
chile,2025-04-04,16
jitomate,2025-04-05,57
cebolla,2025-04-05,41
huevo,2025-04-05,69
tortilla,2025-04-05,134
leche,2025-04-05,62
frijol,2025-04-05,29
arroz,2025-04-05,38
pollo,2025-04-05,45
aguacate,2025-04-05,25
chile,2025-04-05,26
jitomate,2025-04-06,52
cebolla,2025-04-06,35
huevo,2025-04-06,57
tortilla,2025-04-06,124
leche,2025-04-06,66
frijol,2025-04-06,33
arroz,2025-04-06,44
pollo,2025-04-06,29
aguacate,2025-04-06,34
chile,2025-04-06,28
jitomate,2025-04-07,34
cebolla,2025-04-07,35
huevo,2025-04-07,53
tortilla,2025-04-07,76
leche,2025-04-07,49
frijol,2025-04-07,32
arroz,2025-04-07,30
pollo,2025-04-07,35
aguacate,2025-04-07,25
chile,2025-04-07,16
jitomate,2025-04-08,49
cebolla,2025-04-08,37
huevo,2025-04-08,64
tortilla,2025-04-08,79
leche,2025-04-08,58
frijol,2025-04-08,26
arroz,2025-04-08,31
pollo,2025-04-08,41
aguacate,2025-04-08,23
chile,2025-04-08,16
jitomate,2025-04-09,49
cebolla,2025-04-09,31
huevo,2025-04-09,63
tortilla,2025-04-09,98
leche,2025-04-09,52
frijol,2025-04-09,28
arroz,2025-04-09,29
pollo,2025-04-09,34
aguacate,2025-04-09,20
chile,2025-04-09,17
jitomate,2025-04-10,38
cebolla,2025-04-10,34
huevo,2025-04-10,57
tortilla,2025-04-10,89
leche,2025-04-10,49
frijol,2025-04-10,27
arroz,2025-04-10,31
pollo,2025-04-10,45
aguacate,2025-04-10,17
chile,2025-04-10,17
jitomate,2025-04-11,43
cebolla,2025-04-11,22
huevo,2025-04-11,76
tortilla,2025-04-11,88
leche,2025-04-11,44
frijol,2025-04-11,29
arroz,2025-04-11,19
pollo,2025-04-11,36
aguacate,2025-04-11,19
chile,2025-04-11,18
jitomate,2025-04-12,55
cebolla,2025-04-12,44
huevo,2025-04-12,83
tortilla,2025-04-12,154
leche,2025-04-12,66
frijol,2025-04-12,31
arroz,2025-04-12,43
pollo,2025-04-12,45
aguacate,2025-04-12,30
chile,2025-04-12,10
jitomate,2025-04-13,56
cebolla,2025-04-13,39
huevo,2025-04-13,73
tortilla,2025-04-13,105
leche,2025-04-13,74
frijol,2025-04-13,23
arroz,2025-04-13,54
pollo,2025-04-13,53
aguacate,2025-04-13,30
chile,2025-04-13,30
jitomate,2025-04-14,52
cebolla,2025-04-14,32
huevo,2025-04-14,87
tortilla,2025-04-14,85
leche,2025-04-14,68
frijol,2025-04-14,37
arroz,2025-04-14,38
pollo,2025-04-14,34
aguacate,2025-04-14,28
chile,2025-04-14,22
jitomate,2025-04-15,44
cebolla,2025-04-15,24
huevo,2025-04-15,62
tortilla,2025-04-15,104
leche,2025-04-15,73
frijol,2025-04-15,44
arroz,2025-04-15,39
pollo,2025-04-15,39
aguacate,2025-04-15,26
chile,2025-04-15,26
jitomate,2025-04-16,55
cebolla,2025-04-16,40
huevo,2025-04-16,78
tortilla,2025-04-16,133
leche,2025-04-16,83
frijol,2025-04-16,31
arroz,2025-04-16,36
pollo,2025-04-16,47
aguacate,2025-04-16,26
chile,2025-04-16,15
jitomate,2025-04-17,43
cebolla,2025-04-17,27
huevo,2025-04-17,72
tortilla,2025-04-17,92
leche,2025-04-17,61
frijol,2025-04-17,22
arroz,2025-04-17,33
pollo,2025-04-17,26
aguacate,2025-04-17,25
chile,2025-04-17,17
jitomate,2025-04-18,46
cebolla,2025-04-18,28
huevo,2025-04-18,66
tortilla,2025-04-18,97
leche,2025-04-18,53
frijol,2025-04-18,27
arroz,2025-04-18,35
pollo,2025-04-18,32
aguacate,2025-04-18,27
chile,2025-04-18,17
jitomate,2025-04-19,61
cebolla,2025-04-19,53
huevo,2025-04-19,69
tortilla,2025-04-19,79
leche,2025-04-19,67
frijol,2025-04-19,29
arroz,2025-04-19,34
pollo,2025-04-19,43
aguacate,2025-04-19,26
chile,2025-04-19,28
jitomate,2025-04-20,61
cebolla,2025-04-20,46
huevo,2025-04-20,105
tortilla,2025-04-20,103
leche,2025-04-20,41
frijol,2025-04-20,42
arroz,2025-04-20,38
pollo,2025-04-20,45
aguacate,2025-04-20,21
chile,2025-04-20,19
jitomate,2025-04-21,44
cebolla,2025-04-21,29
huevo,2025-04-21,41
tortilla,2025-04-21,77
leche,2025-04-21,58
frijol,2025-04-21,30
arroz,2025-04-21,29
pollo,2025-04-21,50
aguacate,2025-04-21,25
chile,2025-04-21,23
jitomate,2025-04-22,48
cebolla,2025-04-22,34
huevo,2025-04-22,48
tortilla,2025-04-22,68
leche,2025-04-22,44
frijol,2025-04-22,26
arroz,2025-04-22,28
pollo,2025-04-22,37
aguacate,2025-04-22,22
chile,2025-04-22,19
jitomate,2025-04-23,46
cebolla,2025-04-23,30
huevo,2025-04-23,57
tortilla,2025-04-23,55
leche,2025-04-23,57
frijol,2025-04-23,22
arroz,2025-04-23,24
pollo,2025-04-23,40
aguacate,2025-04-23,25
chile,2025-04-23,20
jitomate,2025-04-24,46
cebolla,2025-04-24,25
huevo,2025-04-24,58
tortilla,2025-04-24,83
leche,2025-04-24,63
frijol,2025-04-24,28
arroz,2025-04-24,27
pollo,2025-04-24,39
aguacate,2025-04-24,23
chile,2025-04-24,18
jitomate,2025-04-25,43
cebolla,2025-04-25,34
huevo,2025-04-25,59
tortilla,2025-04-25,73
leche,2025-04-25,53
frijol,2025-04-25,24
arroz,2025-04-25,23
pollo,2025-04-25,31
aguacate,2025-04-25,21
chile,2025-04-25,18
jitomate,2025-04-26,56
cebolla,2025-04-26,38
huevo,2025-04-26,83
tortilla,2025-04-26,110
leche,2025-04-26,70
frijol,2025-04-26,34
arroz,2025-04-26,40
pollo,2025-04-26,55
aguacate,2025-04-26,27
chile,2025-04-26,18
jitomate,2025-04-27,51
cebolla,2025-04-27,44
huevo,2025-04-27,78
tortilla,2025-04-27,123
leche,2025-04-27,48
frijol,2025-04-27,28
arroz,2025-04-27,39
pollo,2025-04-27,51
aguacate,2025-04-27,25
chile,2025-04-27,25
jitomate,2025-04-28,36
cebolla,2025-04-28,25
huevo,2025-04-28,61
tortilla,2025-04-28,93
leche,2025-04-28,53
frijol,2025-04-28,28
arroz,2025-04-28,35
pollo,2025-04-28,40
aguacate,2025-04-28,21
chile,2025-04-28,21
jitomate,2025-04-29,39
cebolla,2025-04-29,38
huevo,2025-04-29,87
tortilla,2025-04-29,124
leche,2025-04-29,70
frijol,2025-04-29,40
arroz,2025-04-29,31
pollo,2025-04-29,49
aguacate,2025-04-29,27
chile,2025-04-29,26
jitomate,2025-04-30,51
cebolla,2025-04-30,42
huevo,2025-04-30,92
tortilla,2025-04-30,123
leche,2025-04-30,61
frijol,2025-04-30,30
arroz,2025-04-30,31
pollo,2025-04-30,51
aguacate,2025-04-30,33
chile,2025-04-30,22
jitomate,2025-05-01,38
cebolla,2025-05-01,36
huevo,2025-05-01,84
tortilla,2025-05-01,101
leche,2025-05-01,46
frijol,2025-05-01,31
arroz,2025-05-01,26
pollo,2025-05-01,48
aguacate,2025-05-01,27
chile,2025-05-01,24
jitomate,2025-05-02,50
cebolla,2025-05-02,27
huevo,2025-05-02,43
tortilla,2025-05-02,94
leche,2025-05-02,56
frijol,2025-05-02,21
arroz,2025-05-02,28
pollo,2025-05-02,35
aguacate,2025-05-02,23
chile,2025-05-02,17
jitomate,2025-05-03,76
cebolla,2025-05-03,39
huevo,2025-05-03,84
tortilla,2025-05-03,114
leche,2025-05-03,41
frijol,2025-05-03,41
arroz,2025-05-03,20
pollo,2025-05-03,57
aguacate,2025-05-03,24
chile,2025-05-03,20
jitomate,2025-05-04,54
cebolla,2025-05-04,54
huevo,2025-05-04,86
tortilla,2025-05-04,119
leche,2025-05-04,60
frijol,2025-05-04,37
arroz,2025-05-04,36
pollo,2025-05-04,53
aguacate,2025-05-04,21
chile,2025-05-04,27
jitomate,2025-05-05,44
cebolla,2025-05-05,25
huevo,2025-05-05,53
tortilla,2025-05-05,92
leche,2025-05-05,49
frijol,2025-05-05,27
arroz,2025-05-05,23
pollo,2025-05-05,32
aguacate,2025-05-05,30
chile,2025-05-05,17
jitomate,2025-05-06,39
cebolla,2025-05-06,31
huevo,2025-05-06,60
tortilla,2025-05-06,112
leche,2025-05-06,48
frijol,2025-05-06,30
arroz,2025-05-06,26
pollo,2025-05-06,41
aguacate,2025-05-06,22
chile,2025-05-06,18
jitomate,2025-05-07,41
cebolla,2025-05-07,34
huevo,2025-05-07,52
tortilla,2025-05-07,81
leche,2025-05-07,69
frijol,2025-05-07,28
arroz,2025-05-07,28
pollo,2025-05-07,40
aguacate,2025-05-07,23
chile,2025-05-07,13
jitomate,2025-05-08,43
cebolla,2025-05-08,31
huevo,2025-05-08,66
tortilla,2025-05-08,84
leche,2025-05-08,51
frijol,2025-05-08,31
arroz,2025-05-08,29
pollo,2025-05-08,34
aguacate,2025-05-08,24
chile,2025-05-08,18
jitomate,2025-05-09,49
cebolla,2025-05-09,31
huevo,2025-05-09,66
tortilla,2025-05-09,85
leche,2025-05-09,43
frijol,2025-05-09,29
arroz,2025-05-09,31
pollo,2025-05-09,40
aguacate,2025-05-09,26
chile,2025-05-09,15
jitomate,2025-05-10,56
cebolla,2025-05-10,29
huevo,2025-05-10,88
tortilla,2025-05-10,103
leche,2025-05-10,73
frijol,2025-05-10,38
arroz,2025-05-10,35
pollo,2025-05-10,48
aguacate,2025-05-10,36
chile,2025-05-10,18
jitomate,2025-05-11,60
cebolla,2025-05-11,42
huevo,2025-05-11,94
tortilla,2025-05-11,92
leche,2025-05-11,68
frijol,2025-05-11,40
arroz,2025-05-11,46
pollo,2025-05-11,42
aguacate,2025-05-11,29
chile,2025-05-11,31
jitomate,2025-05-12,33
cebolla,2025-05-12,31
huevo,2025-05-12,65
tortilla,2025-05-12,97
leche,2025-05-12,45
frijol,2025-05-12,30
arroz,2025-05-12,33
pollo,2025-05-12,47
aguacate,2025-05-12,20
chile,2025-05-12,18
jitomate,2025-05-13,49
cebolla,2025-05-13,40
huevo,2025-05-13,63
tortilla,2025-05-13,73
leche,2025-05-13,51
frijol,2025-05-13,30
arroz,2025-05-13,32
pollo,2025-05-13,43
aguacate,2025-05-13,30
chile,2025-05-13,18
jitomate,2025-05-14,45
cebolla,2025-05-14,32
huevo,2025-05-14,77
tortilla,2025-05-14,136
leche,2025-05-14,83
frijol,2025-05-14,34
arroz,2025-05-14,37
pollo,2025-05-14,45
aguacate,2025-05-14,34
chile,2025-05-14,21
jitomate,2025-05-15,52
cebolla,2025-05-15,39
huevo,2025-05-15,78
tortilla,2025-05-15,150
leche,2025-05-15,57
frijol,2025-05-15,45
arroz,2025-05-15,33
pollo,2025-05-15,40
aguacate,2025-05-15,26
chile,2025-05-15,26
jitomate,2025-05-16,52
cebolla,2025-05-16,46
huevo,2025-05-16,69
tortilla,2025-05-16,88
leche,2025-05-16,62
frijol,2025-05-16,34
arroz,2025-05-16,29
pollo,2025-05-16,45
aguacate,2025-05-16,31
chile,2025-05-16,21
jitomate,2025-05-17,48
cebolla,2025-05-17,34
huevo,2025-05-17,80
tortilla,2025-05-17,131
leche,2025-05-17,96
frijol,2025-05-17,40
arroz,2025-05-17,31
pollo,2025-05-17,37
aguacate,2025-05-17,30
chile,2025-05-17,30
jitomate,2025-05-18,60
cebolla,2025-05-18,38
huevo,2025-05-18,94
tortilla,2025-05-18,148
leche,2025-05-18,83
frijol,2025-05-18,29
arroz,2025-05-18,41
pollo,2025-05-18,39
aguacate,2025-05-18,26
chile,2025-05-18,20
jitomate,2025-05-19,40
cebolla,2025-05-19,25
huevo,2025-05-19,70
tortilla,2025-05-19,94
leche,2025-05-19,46
frijol,2025-05-19,28
arroz,2025-05-19,36
pollo,2025-05-19,39
aguacate,2025-05-19,21
chile,2025-05-19,18
jitomate,2025-05-20,41
cebolla,2025-05-20,28
huevo,2025-05-20,47
tortilla,2025-05-20,89
leche,2025-05-20,62
frijol,2025-05-20,23
arroz,2025-05-20,21
pollo,2025-05-20,36
aguacate,2025-05-20,27
chile,2025-05-20,14
jitomate,2025-05-21,43
cebolla,2025-05-21,33
huevo,2025-05-21,68
tortilla,2025-05-21,102
leche,2025-05-21,57
frijol,2025-05-21,20
arroz,2025-05-21,32
pollo,2025-05-21,44
aguacate,2025-05-21,22
chile,2025-05-21,20
jitomate,2025-05-22,36
cebolla,2025-05-22,38
huevo,2025-05-22,57
tortilla,2025-05-22,118
leche,2025-05-22,50
frijol,2025-05-22,29
arroz,2025-05-22,27
pollo,2025-05-22,47
aguacate,2025-05-22,16
chile,2025-05-22,20
jitomate,2025-05-23,29
cebolla,2025-05-23,26
huevo,2025-05-23,81
tortilla,2025-05-23,107
leche,2025-05-23,37
frijol,2025-05-23,26
arroz,2025-05-23,27
pollo,2025-05-23,40
aguacate,2025-05-23,30
chile,2025-05-23,21
jitomate,2025-05-24,58
cebolla,2025-05-24,44
huevo,2025-05-24,68
tortilla,2025-05-24,136
leche,2025-05-24,78
frijol,2025-05-24,31
arroz,2025-05-24,35
pollo,2025-05-24,58
aguacate,2025-05-24,31
chile,2025-05-24,20
jitomate,2025-05-25,51
cebolla,2025-05-25,38
huevo,2025-05-25,81
tortilla,2025-05-25,122
leche,2025-05-25,66
frijol,2025-05-25,43
arroz,2025-05-25,43
pollo,2025-05-25,58
aguacate,2025-05-25,22
chile,2025-05-25,25
jitomate,2025-05-26,49
cebolla,2025-05-26,35
huevo,2025-05-26,57
tortilla,2025-05-26,84
leche,2025-05-26,60
frijol,2025-05-26,25
arroz,2025-05-26,32
pollo,2025-05-26,38
aguacate,2025-05-26,23
chile,2025-05-26,19
jitomate,2025-05-27,37
cebolla,2025-05-27,40
huevo,2025-05-27,68
tortilla,2025-05-27,114
leche,2025-05-27,48
frijol,2025-05-27,24
arroz,2025-05-27,28
pollo,2025-05-27,32
aguacate,2025-05-27,25
chile,2025-05-27,21
jitomate,2025-05-28,39
cebolla,2025-05-28,30
huevo,2025-05-28,67
tortilla,2025-05-28,84
leche,2025-05-28,49
frijol,2025-05-28,32
arroz,2025-05-28,26
pollo,2025-05-28,34
aguacate,2025-05-28,32
chile,2025-05-28,13
jitomate,2025-05-29,43
cebolla,2025-05-29,50
huevo,2025-05-29,74
tortilla,2025-05-29,127
leche,2025-05-29,86
frijol,2025-05-29,29
arroz,2025-05-29,33
pollo,2025-05-29,49
aguacate,2025-05-29,29
chile,2025-05-29,22
jitomate,2025-05-30,51
cebolla,2025-05-30,32
huevo,2025-05-30,84
tortilla,2025-05-30,133
leche,2025-05-30,64
frijol,2025-05-30,32
arroz,2025-05-30,40
pollo,2025-05-30,42
aguacate,2025-05-30,28
chile,2025-05-30,23
jitomate,2025-05-31,83
cebolla,2025-05-31,51
huevo,2025-05-31,101
tortilla,2025-05-31,150
leche,2025-05-31,80
frijol,2025-05-31,36
arroz,2025-05-31,41
pollo,2025-05-31,67
aguacate,2025-05-31,34
chile,2025-05-31,31
jitomate,2025-06-01,60
cebolla,2025-06-01,39
huevo,2025-06-01,91
tortilla,2025-06-01,177
leche,2025-06-01,76
frijol,2025-06-01,37
arroz,2025-06-01,43
pollo,2025-06-01,54
aguacate,2025-06-01,37
chile,2025-06-01,27
jitomate,2025-06-02,39
cebolla,2025-06-02,28
huevo,2025-06-02,63
tortilla,2025-06-02,94
leche,2025-06-02,52
frijol,2025-06-02,27
arroz,2025-06-02,28
pollo,2025-06-02,41
aguacate,2025-06-02,24
chile,2025-06-02,22
jitomate,2025-06-03,40
cebolla,2025-06-03,31
huevo,2025-06-03,54
tortilla,2025-06-03,90
leche,2025-06-03,56
frijol,2025-06-03,24
arroz,2025-06-03,34
pollo,2025-06-03,35
aguacate,2025-06-03,27
chile,2025-06-03,15
jitomate,2025-06-04,38
cebolla,2025-06-04,28
huevo,2025-06-04,69
tortilla,2025-06-04,99
leche,2025-06-04,49
frijol,2025-06-04,23
arroz,2025-06-04,28
pollo,2025-06-04,39
aguacate,2025-06-04,25
chile,2025-06-04,18
jitomate,2025-06-05,37
cebolla,2025-06-05,30
huevo,2025-06-05,61
tortilla,2025-06-05,93
leche,2025-06-05,47
frijol,2025-06-05,32
arroz,2025-06-05,25
pollo,2025-06-05,43
aguacate,2025-06-05,27
chile,2025-06-05,21
jitomate,2025-06-06,51
cebolla,2025-06-06,33
huevo,2025-06-06,57
tortilla,2025-06-06,83
leche,2025-06-06,45
frijol,2025-06-06,28
arroz,2025-06-06,22
pollo,2025-06-06,28
aguacate,2025-06-06,27
chile,2025-06-06,21
jitomate,2025-06-07,55
cebolla,2025-06-07,44
huevo,2025-06-07,87
tortilla,2025-06-07,114
leche,2025-06-07,51
frijol,2025-06-07,39
arroz,2025-06-07,39
pollo,2025-06-07,36
aguacate,2025-06-07,29
chile,2025-06-07,22
jitomate,2025-06-08,51
cebolla,2025-06-08,37
huevo,2025-06-08,84
tortilla,2025-06-08,113
leche,2025-06-08,54
frijol,2025-06-08,36
arroz,2025-06-08,39
pollo,2025-06-08,36
aguacate,2025-06-08,30
chile,2025-06-08,27
jitomate,2025-06-09,39
cebolla,2025-06-09,31
huevo,2025-06-09,53
tortilla,2025-06-09,66
leche,2025-06-09,54
frijol,2025-06-09,25
arroz,2025-06-09,30
pollo,2025-06-09,34
aguacate,2025-06-09,21
chile,2025-06-09,18
jitomate,2025-06-10,40
cebolla,2025-06-10,34
huevo,2025-06-10,56
tortilla,2025-06-10,71
leche,2025-06-10,51
frijol,2025-06-10,20
arroz,2025-06-10,17
pollo,2025-06-10,29
aguacate,2025-06-10,21
chile,2025-06-10,16
jitomate,2025-06-11,31
cebolla,2025-06-11,29
huevo,2025-06-11,71
tortilla,2025-06-11,101
leche,2025-06-11,50
frijol,2025-06-11,28
arroz,2025-06-11,26
pollo,2025-06-11,30
aguacate,2025-06-11,24
chile,2025-06-11,15
jitomate,2025-06-12,42
cebolla,2025-06-12,30
huevo,2025-06-12,57
tortilla,2025-06-12,84
leche,2025-06-12,59
frijol,2025-06-12,19
arroz,2025-06-12,29
pollo,2025-06-12,33
aguacate,2025-06-12,20
chile,2025-06-12,18
jitomate,2025-06-13,42
cebolla,2025-06-13,30
huevo,2025-06-13,62
tortilla,2025-06-13,109
leche,2025-06-13,45
frijol,2025-06-13,27
arroz,2025-06-13,21
pollo,2025-06-13,37
aguacate,2025-06-13,16
chile,2025-06-13,20
jitomate,2025-06-14,60
cebolla,2025-06-14,50
huevo,2025-06-14,76
tortilla,2025-06-14,147
leche,2025-06-14,91
frijol,2025-06-14,44
arroz,2025-06-14,45
pollo,2025-06-14,57
aguacate,2025-06-14,42
chile,2025-06-14,32
jitomate,2025-06-15,59
cebolla,2025-06-15,45
huevo,2025-06-15,88
tortilla,2025-06-15,145
leche,2025-06-15,67
frijol,2025-06-15,27
arroz,2025-06-15,44
pollo,2025-06-15,59
aguacate,2025-06-15,37
chile,2025-06-15,34
jitomate,2025-06-16,40
cebolla,2025-06-16,35
huevo,2025-06-16,59
tortilla,2025-06-16,117
leche,2025-06-16,62
frijol,2025-06-16,29
arroz,2025-06-16,35
pollo,2025-06-16,39
aguacate,2025-06-16,23
chile,2025-06-16,28
jitomate,2025-06-17,45
cebolla,2025-06-17,29
huevo,2025-06-17,46
tortilla,2025-06-17,87
leche,2025-06-17,54
frijol,2025-06-17,26
arroz,2025-06-17,32
pollo,2025-06-17,41
aguacate,2025-06-17,22
chile,2025-06-17,17
jitomate,2025-06-18,37
cebolla,2025-06-18,28
huevo,2025-06-18,68
tortilla,2025-06-18,84
leche,2025-06-18,37
frijol,2025-06-18,27
arroz,2025-06-18,28
pollo,2025-06-18,33
aguacate,2025-06-18,16
chile,2025-06-18,21
jitomate,2025-06-19,44
cebolla,2025-06-19,25
huevo,2025-06-19,61
tortilla,2025-06-19,75
leche,2025-06-19,40
frijol,2025-06-19,17
arroz,2025-06-19,31
pollo,2025-06-19,40
aguacate,2025-06-19,21
chile,2025-06-19,18
jitomate,2025-06-20,51
cebolla,2025-06-20,27
huevo,2025-06-20,49
tortilla,2025-06-20,92
leche,2025-06-20,54
frijol,2025-06-20,24
arroz,2025-06-20,22
pollo,2025-06-20,31
aguacate,2025-06-20,24
chile,2025-06-20,20
jitomate,2025-06-21,39
cebolla,2025-06-21,32
huevo,2025-06-21,66
tortilla,2025-06-21,117
leche,2025-06-21,87
frijol,2025-06-21,31
arroz,2025-06-21,37
pollo,2025-06-21,40
aguacate,2025-06-21,40
chile,2025-06-21,21
jitomate,2025-06-22,48
cebolla,2025-06-22,40
huevo,2025-06-22,63
tortilla,2025-06-22,131
leche,2025-06-22,65
frijol,2025-06-22,28
arroz,2025-06-22,33
pollo,2025-06-22,33
aguacate,2025-06-22,26
chile,2025-06-22,15
jitomate,2025-06-23,37
cebolla,2025-06-23,28
huevo,2025-06-23,55
tortilla,2025-06-23,82
leche,2025-06-23,44
frijol,2025-06-23,30
arroz,2025-06-23,34
pollo,2025-06-23,34
aguacate,2025-06-23,26
chile,2025-06-23,17
jitomate,2025-06-24,38
cebolla,2025-06-24,26
huevo,2025-06-24,66
tortilla,2025-06-24,98
leche,2025-06-24,40
frijol,2025-06-24,26
arroz,2025-06-24,26
pollo,2025-06-24,30
aguacate,2025-06-24,22
chile,2025-06-24,13
jitomate,2025-06-25,37
cebolla,2025-06-25,39
huevo,2025-06-25,64
tortilla,2025-06-25,75
leche,2025-06-25,54
frijol,2025-06-25,25
arroz,2025-06-25,27
pollo,2025-06-25,32
aguacate,2025-06-25,22
chile,2025-06-25,16
jitomate,2025-06-26,39
cebolla,2025-06-26,33
huevo,2025-06-26,67
tortilla,2025-06-26,72
leche,2025-06-26,46
frijol,2025-06-26,31
arroz,2025-06-26,36
pollo,2025-06-26,37
aguacate,2025-06-26,27
chile,2025-06-26,21
jitomate,2025-06-27,39
cebolla,2025-06-27,21
huevo,2025-06-27,59
tortilla,2025-06-27,73
leche,2025-06-27,51
frijol,2025-06-27,32
arroz,2025-06-27,29
pollo,2025-06-27,31
aguacate,2025-06-27,18
chile,2025-06-27,13
jitomate,2025-06-28,37
cebolla,2025-06-28,49
huevo,2025-06-28,88
tortilla,2025-06-28,115
leche,2025-06-28,64
frijol,2025-06-28,32
arroz,2025-06-28,36
pollo,2025-06-28,55
aguacate,2025-06-28,30
chile,2025-06-28,16
jitomate,2025-06-29,75
cebolla,2025-06-29,35
huevo,2025-06-29,92
tortilla,2025-06-29,116
leche,2025-06-29,82
frijol,2025-06-29,33
arroz,2025-06-29,36
pollo,2025-06-29,48
aguacate,2025-06-29,40
chile,2025-06-29,28
jitomate,2025-06-30,55
cebolla,2025-06-30,45
huevo,2025-06-30,78
tortilla,2025-06-30,122
leche,2025-06-30,53
frijol,2025-06-30,31
arroz,2025-06-30,29
pollo,2025-06-30,47
aguacate,2025-06-30,31
chile,2025-06-30,26
jitomate,2025-07-01,51
cebolla,2025-07-01,43
huevo,2025-07-01,75
tortilla,2025-07-01,105
leche,2025-07-01,69
frijol,2025-07-01,35
arroz,2025-07-01,48
pollo,2025-07-01,50
aguacate,2025-07-01,23
chile,2025-07-01,20
jitomate,2025-07-02,33
cebolla,2025-07-02,31
huevo,2025-07-02,51
tortilla,2025-07-02,111
leche,2025-07-02,49
frijol,2025-07-02,28
arroz,2025-07-02,29
pollo,2025-07-02,38
aguacate,2025-07-02,19
chile,2025-07-02,18
jitomate,2025-07-03,38
cebolla,2025-07-03,30
huevo,2025-07-03,62
tortilla,2025-07-03,101
leche,2025-07-03,47
frijol,2025-07-03,29
arroz,2025-07-03,30
pollo,2025-07-03,44
aguacate,2025-07-03,11
chile,2025-07-03,17
jitomate,2025-07-04,49
cebolla,2025-07-04,19
huevo,2025-07-04,75
tortilla,2025-07-04,93
leche,2025-07-04,35
frijol,2025-07-04,28
arroz,2025-07-04,24
pollo,2025-07-04,31
aguacate,2025-07-04,27
chile,2025-07-04,17
jitomate,2025-07-05,45
cebolla,2025-07-05,52
huevo,2025-07-05,91
tortilla,2025-07-05,113
leche,2025-07-05,58
frijol,2025-07-05,32
arroz,2025-07-05,46
pollo,2025-07-05,40
aguacate,2025-07-05,24
chile,2025-07-05,28
jitomate,2025-07-06,51
cebolla,2025-07-06,40
huevo,2025-07-06,86
tortilla,2025-07-06,112
leche,2025-07-06,42
frijol,2025-07-06,32
arroz,2025-07-06,44
pollo,2025-07-06,62
aguacate,2025-07-06,29
chile,2025-07-06,24
jitomate,2025-07-07,49
cebolla,2025-07-07,33
huevo,2025-07-07,64
tortilla,2025-07-07,65
leche,2025-07-07,48
frijol,2025-07-07,26
arroz,2025-07-07,22
pollo,2025-07-07,34
aguacate,2025-07-07,28
chile,2025-07-07,18
jitomate,2025-07-08,32
cebolla,2025-07-08,22
huevo,2025-07-08,61
tortilla,2025-07-08,84
leche,2025-07-08,44
frijol,2025-07-08,26
arroz,2025-07-08,30
pollo,2025-07-08,37
aguacate,2025-07-08,24
chile,2025-07-08,15
jitomate,2025-07-09,37
cebolla,2025-07-09,29
huevo,2025-07-09,61
tortilla,2025-07-09,105
leche,2025-07-09,45
frijol,2025-07-09,23
arroz,2025-07-09,35
pollo,2025-07-09,37
aguacate,2025-07-09,18
chile,2025-07-09,18
jitomate,2025-07-10,33
cebolla,2025-07-10,25
huevo,2025-07-10,49
tortilla,2025-07-10,81
leche,2025-07-10,67
frijol,2025-07-10,29
arroz,2025-07-10,34
pollo,2025-07-10,42
aguacate,2025-07-10,22
chile,2025-07-10,19
jitomate,2025-07-11,41
cebolla,2025-07-11,26
huevo,2025-07-11,51
tortilla,2025-07-11,104
leche,2025-07-11,42
frijol,2025-07-11,26
arroz,2025-07-11,31
pollo,2025-07-11,40
aguacate,2025-07-11,24
chile,2025-07-11,15
jitomate,2025-07-12,57
cebolla,2025-07-12,39
huevo,2025-07-12,68
tortilla,2025-07-12,84
leche,2025-07-12,71
frijol,2025-07-12,25
arroz,2025-07-12,28
pollo,2025-07-12,59
aguacate,2025-07-12,24
chile,2025-07-12,22
jitomate,2025-07-13,54
cebolla,2025-07-13,40
huevo,2025-07-13,67
tortilla,2025-07-13,107
leche,2025-07-13,74
frijol,2025-07-13,32
arroz,2025-07-13,37
pollo,2025-07-13,31
aguacate,2025-07-13,27
chile,2025-07-13,27
jitomate,2025-07-14,45
cebolla,2025-07-14,33
huevo,2025-07-14,81
tortilla,2025-07-14,125
leche,2025-07-14,67
frijol,2025-07-14,29
arroz,2025-07-14,40
pollo,2025-07-14,56
aguacate,2025-07-14,33
chile,2025-07-14,18
jitomate,2025-07-15,73
cebolla,2025-07-15,31
huevo,2025-07-15,62
tortilla,2025-07-15,120
leche,2025-07-15,63
frijol,2025-07-15,34
arroz,2025-07-15,43
pollo,2025-07-15,51
aguacate,2025-07-15,24
chile,2025-07-15,23
jitomate,2025-07-16,59
cebolla,2025-07-16,44
huevo,2025-07-16,89
tortilla,2025-07-16,129
leche,2025-07-16,71
frijol,2025-07-16,29
arroz,2025-07-16,29
pollo,2025-07-16,47
aguacate,2025-07-16,26
chile,2025-07-16,27
jitomate,2025-07-17,35
cebolla,2025-07-17,29
huevo,2025-07-17,57
tortilla,2025-07-17,105
leche,2025-07-17,57
frijol,2025-07-17,26
arroz,2025-07-17,30
pollo,2025-07-17,44
aguacate,2025-07-17,17
chile,2025-07-17,20
jitomate,2025-07-18,47
cebolla,2025-07-18,36
huevo,2025-07-18,69
tortilla,2025-07-18,81
leche,2025-07-18,47
frijol,2025-07-18,28
arroz,2025-07-18,26
pollo,2025-07-18,35
aguacate,2025-07-18,17
chile,2025-07-18,15
jitomate,2025-07-19,56
cebolla,2025-07-19,37
huevo,2025-07-19,71
tortilla,2025-07-19,116
leche,2025-07-19,69
frijol,2025-07-19,32
arroz,2025-07-19,38
pollo,2025-07-19,47
aguacate,2025-07-19,28
chile,2025-07-19,24
jitomate,2025-07-20,46
cebolla,2025-07-20,37
huevo,2025-07-20,58
tortilla,2025-07-20,98
leche,2025-07-20,54
frijol,2025-07-20,31
arroz,2025-07-20,43
pollo,2025-07-20,46
aguacate,2025-07-20,30
chile,2025-07-20,20
jitomate,2025-07-21,43
cebolla,2025-07-21,38
huevo,2025-07-21,60
tortilla,2025-07-21,80
leche,2025-07-21,42
frijol,2025-07-21,27
arroz,2025-07-21,25
pollo,2025-07-21,40
aguacate,2025-07-21,19
chile,2025-07-21,14
jitomate,2025-07-22,44
cebolla,2025-07-22,25
huevo,2025-07-22,67
tortilla,2025-07-22,106
leche,2025-07-22,46
frijol,2025-07-22,26
arroz,2025-07-22,35
pollo,2025-07-22,33
aguacate,2025-07-22,28
chile,2025-07-22,17
jitomate,2025-07-23,35
cebolla,2025-07-23,31
huevo,2025-07-23,63
tortilla,2025-07-23,107
leche,2025-07-23,58
frijol,2025-07-23,27
arroz,2025-07-23,31
pollo,2025-07-23,37
aguacate,2025-07-23,25
chile,2025-07-23,17
jitomate,2025-07-24,34
cebolla,2025-07-24,32
huevo,2025-07-24,86
tortilla,2025-07-24,103
leche,2025-07-24,46
frijol,2025-07-24,31
arroz,2025-07-24,21
pollo,2025-07-24,34
aguacate,2025-07-24,24
chile,2025-07-24,17
jitomate,2025-07-25,37
cebolla,2025-07-25,30
huevo,2025-07-25,56
tortilla,2025-07-25,81
leche,2025-07-25,43
frijol,2025-07-25,20
arroz,2025-07-25,24
pollo,2025-07-25,35
aguacate,2025-07-25,26
chile,2025-07-25,17
jitomate,2025-07-26,43
cebolla,2025-07-26,49
huevo,2025-07-26,66
tortilla,2025-07-26,121
leche,2025-07-26,57
frijol,2025-07-26,30
arroz,2025-07-26,39
pollo,2025-07-26,50
aguacate,2025-07-26,35
chile,2025-07-26,26
jitomate,2025-07-27,54
cebolla,2025-07-27,44
huevo,2025-07-27,67
tortilla,2025-07-27,141
leche,2025-07-27,72
frijol,2025-07-27,36
arroz,2025-07-27,40
pollo,2025-07-27,36
aguacate,2025-07-27,24
chile,2025-07-27,24
jitomate,2025-07-28,42
cebolla,2025-07-28,33
huevo,2025-07-28,62
tortilla,2025-07-28,89
leche,2025-07-28,61
frijol,2025-07-28,27
arroz,2025-07-28,32
pollo,2025-07-28,42
aguacate,2025-07-28,27
chile,2025-07-28,19
jitomate,2025-07-29,57
cebolla,2025-07-29,40
huevo,2025-07-29,89
tortilla,2025-07-29,154
leche,2025-07-29,54
frijol,2025-07-29,28
arroz,2025-07-29,44
pollo,2025-07-29,46
aguacate,2025-07-29,26
chile,2025-07-29,21
jitomate,2025-07-30,58
cebolla,2025-07-30,41
huevo,2025-07-30,100
tortilla,2025-07-30,113
leche,2025-07-30,72
frijol,2025-07-30,40
arroz,2025-07-30,28
pollo,2025-07-30,38
aguacate,2025-07-30,29
chile,2025-07-30,21
jitomate,2025-07-31,48
cebolla,2025-07-31,34
huevo,2025-07-31,75
tortilla,2025-07-31,99
leche,2025-07-31,52
frijol,2025-07-31,34
arroz,2025-07-31,36
pollo,2025-07-31,51
aguacate,2025-07-31,30
chile,2025-07-31,24
jitomate,2025-08-01,56
cebolla,2025-08-01,32
huevo,2025-08-01,69
tortilla,2025-08-01,117
leche,2025-08-01,71
frijol,2025-08-01,34
arroz,2025-08-01,34
pollo,2025-08-01,43
aguacate,2025-08-01,29
chile,2025-08-01,19
jitomate,2025-08-02,59
cebolla,2025-08-02,44
huevo,2025-08-02,89
tortilla,2025-08-02,134
leche,2025-08-02,75
frijol,2025-08-02,23
arroz,2025-08-02,38
pollo,2025-08-02,36
aguacate,2025-08-02,25
chile,2025-08-02,23
jitomate,2025-08-03,61
cebolla,2025-08-03,41
huevo,2025-08-03,81
tortilla,2025-08-03,148
leche,2025-08-03,67
frijol,2025-08-03,28
arroz,2025-08-03,29
pollo,2025-08-03,40
aguacate,2025-08-03,29
chile,2025-08-03,18
jitomate,2025-08-04,43
cebolla,2025-08-04,31
huevo,2025-08-04,54
tortilla,2025-08-04,91
leche,2025-08-04,54
frijol,2025-08-04,23
arroz,2025-08-04,31
pollo,2025-08-04,31
aguacate,2025-08-04,24
chile,2025-08-04,22
jitomate,2025-08-05,42
cebolla,2025-08-05,24
huevo,2025-08-05,61
tortilla,2025-08-05,91
leche,2025-08-05,44
frijol,2025-08-05,20
arroz,2025-08-05,26
pollo,2025-08-05,40
aguacate,2025-08-05,25
chile,2025-08-05,21
jitomate,2025-08-06,40
cebolla,2025-08-06,39
huevo,2025-08-06,52
tortilla,2025-08-06,96
leche,2025-08-06,48
frijol,2025-08-06,31
arroz,2025-08-06,28
pollo,2025-08-06,30
aguacate,2025-08-06,23
chile,2025-08-06,15
jitomate,2025-08-07,35
cebolla,2025-08-07,34
huevo,2025-08-07,60
tortilla,2025-08-07,102
leche,2025-08-07,43
frijol,2025-08-07,30
arroz,2025-08-07,27
pollo,2025-08-07,25
aguacate,2025-08-07,19
chile,2025-08-07,14
jitomate,2025-08-08,31
cebolla,2025-08-08,32
huevo,2025-08-08,63
tortilla,2025-08-08,98
leche,2025-08-08,44
frijol,2025-08-08,27
arroz,2025-08-08,22
pollo,2025-08-08,32
aguacate,2025-08-08,21
chile,2025-08-08,16
jitomate,2025-08-09,53
cebolla,2025-08-09,39
huevo,2025-08-09,84
tortilla,2025-08-09,122
leche,2025-08-09,74
frijol,2025-08-09,30
arroz,2025-08-09,40
pollo,2025-08-09,47
aguacate,2025-08-09,30
chile,2025-08-09,24
jitomate,2025-08-10,35
cebolla,2025-08-10,50
huevo,2025-08-10,67
tortilla,2025-08-10,103
leche,2025-08-10,62
frijol,2025-08-10,26
arroz,2025-08-10,46
pollo,2025-08-10,41
aguacate,2025-08-10,26
chile,2025-08-10,20
jitomate,2025-08-11,43
cebolla,2025-08-11,36
huevo,2025-08-11,62
tortilla,2025-08-11,80
leche,2025-08-11,60
frijol,2025-08-11,26
arroz,2025-08-11,25
pollo,2025-08-11,35
aguacate,2025-08-11,22
chile,2025-08-11,19
jitomate,2025-08-12,40
cebolla,2025-08-12,30
huevo,2025-08-12,77
tortilla,2025-08-12,128
leche,2025-08-12,51
frijol,2025-08-12,22
arroz,2025-08-12,24
pollo,2025-08-12,39
aguacate,2025-08-12,17
chile,2025-08-12,18
jitomate,2025-08-13,42
cebolla,2025-08-13,31
huevo,2025-08-13,56
tortilla,2025-08-13,115
leche,2025-08-13,56
frijol,2025-08-13,23
arroz,2025-08-13,31
pollo,2025-08-13,34
aguacate,2025-08-13,20
chile,2025-08-13,17
jitomate,2025-08-14,59
cebolla,2025-08-14,34
huevo,2025-08-14,74
tortilla,2025-08-14,130
leche,2025-08-14,65
frijol,2025-08-14,32
arroz,2025-08-14,32
pollo,2025-08-14,59
aguacate,2025-08-14,31
chile,2025-08-14,15
jitomate,2025-08-15,60
cebolla,2025-08-15,30
huevo,2025-08-15,60
tortilla,2025-08-15,101
leche,2025-08-15,74
frijol,2025-08-15,30
arroz,2025-08-15,36
pollo,2025-08-15,33
aguacate,2025-08-15,32
chile,2025-08-15,22
jitomate,2025-08-16,52
cebolla,2025-08-16,51
huevo,2025-08-16,105
tortilla,2025-08-16,148
leche,2025-08-16,97
frijol,2025-08-16,44
arroz,2025-08-16,56
pollo,2025-08-16,56
aguacate,2025-08-16,36
chile,2025-08-16,33
jitomate,2025-08-17,61
cebolla,2025-08-17,37
huevo,2025-08-17,100
tortilla,2025-08-17,119
leche,2025-08-17,65
frijol,2025-08-17,35
arroz,2025-08-17,32
pollo,2025-08-17,34
aguacate,2025-08-17,37
chile,2025-08-17,27
jitomate,2025-08-18,34
cebolla,2025-08-18,31
huevo,2025-08-18,66
tortilla,2025-08-18,83
leche,2025-08-18,61
frijol,2025-08-18,23
arroz,2025-08-18,32
pollo,2025-08-18,32
aguacate,2025-08-18,24
chile,2025-08-18,22
jitomate,2025-08-19,43
cebolla,2025-08-19,28
huevo,2025-08-19,62
tortilla,2025-08-19,100
leche,2025-08-19,47
frijol,2025-08-19,24
arroz,2025-08-19,35
pollo,2025-08-19,42
aguacate,2025-08-19,20
chile,2025-08-19,14
jitomate,2025-08-20,32
cebolla,2025-08-20,25
huevo,2025-08-20,57
tortilla,2025-08-20,89
leche,2025-08-20,40
frijol,2025-08-20,26
arroz,2025-08-20,16
pollo,2025-08-20,36
aguacate,2025-08-20,27
chile,2025-08-20,15
jitomate,2025-08-21,23
cebolla,2025-08-21,31
huevo,2025-08-21,66
tortilla,2025-08-21,84
leche,2025-08-21,52
frijol,2025-08-21,30
arroz,2025-08-21,35
pollo,2025-08-21,38
aguacate,2025-08-21,18
chile,2025-08-21,18
jitomate,2025-08-22,34
cebolla,2025-08-22,30
huevo,2025-08-22,58
tortilla,2025-08-22,82
leche,2025-08-22,61
frijol,2025-08-22,24
arroz,2025-08-22,22
pollo,2025-08-22,37
aguacate,2025-08-22,24
chile,2025-08-22,18
jitomate,2025-08-23,46
cebolla,2025-08-23,36
huevo,2025-08-23,71
tortilla,2025-08-23,108
leche,2025-08-23,58
frijol,2025-08-23,31
arroz,2025-08-23,29
pollo,2025-08-23,47
aguacate,2025-08-23,25
chile,2025-08-23,26
jitomate,2025-08-24,55
cebolla,2025-08-24,48
huevo,2025-08-24,62
tortilla,2025-08-24,142
leche,2025-08-24,64
frijol,2025-08-24,36
arroz,2025-08-24,41
pollo,2025-08-24,52
aguacate,2025-08-24,29
chile,2025-08-24,25
jitomate,2025-08-25,39
cebolla,2025-08-25,33
huevo,2025-08-25,52
tortilla,2025-08-25,95
leche,2025-08-25,62
frijol,2025-08-25,33
arroz,2025-08-25,32
pollo,2025-08-25,43
aguacate,2025-08-25,24
chile,2025-08-25,21
jitomate,2025-08-26,52
cebolla,2025-08-26,30
huevo,2025-08-26,46
tortilla,2025-08-26,88
leche,2025-08-26,51
frijol,2025-08-26,22
arroz,2025-08-26,23
pollo,2025-08-26,32
aguacate,2025-08-26,18
chile,2025-08-26,20
jitomate,2025-08-27,50
cebolla,2025-08-27,33
huevo,2025-08-27,47
tortilla,2025-08-27,93
leche,2025-08-27,44
frijol,2025-08-27,26
arroz,2025-08-27,25
pollo,2025-08-27,40
aguacate,2025-08-27,24
chile,2025-08-27,17
jitomate,2025-08-28,43
cebolla,2025-08-28,30
huevo,2025-08-28,76
tortilla,2025-08-28,64
leche,2025-08-28,53
frijol,2025-08-28,30
arroz,2025-08-28,26
pollo,2025-08-28,32
aguacate,2025-08-28,23
chile,2025-08-28,16
jitomate,2025-08-29,46
cebolla,2025-08-29,32
huevo,2025-08-29,73
tortilla,2025-08-29,77
leche,2025-08-29,57
frijol,2025-08-29,34
arroz,2025-08-29,33
pollo,2025-08-29,41
aguacate,2025-08-29,31
chile,2025-08-29,28
jitomate,2025-08-30,58
cebolla,2025-08-30,58
huevo,2025-08-30,72
tortilla,2025-08-30,128
leche,2025-08-30,88
frijol,2025-08-30,42
arroz,2025-08-30,46
pollo,2025-08-30,64
aguacate,2025-08-30,35
chile,2025-08-30,33
jitomate,2025-08-31,60
cebolla,2025-08-31,44
huevo,2025-08-31,70
tortilla,2025-08-31,161
leche,2025-08-31,71
frijol,2025-08-31,47
arroz,2025-08-31,52
pollo,2025-08-31,55
aguacate,2025-08-31,36
chile,2025-08-31,30
jitomate,2025-09-01,50
cebolla,2025-09-01,30
huevo,2025-09-01,94
tortilla,2025-09-01,106
leche,2025-09-01,69
frijol,2025-09-01,34
arroz,2025-09-01,38
pollo,2025-09-01,47
aguacate,2025-09-01,32
chile,2025-09-01,20
jitomate,2025-09-02,47
cebolla,2025-09-02,32
huevo,2025-09-02,62
tortilla,2025-09-02,87
leche,2025-09-02,51
frijol,2025-09-02,28
arroz,2025-09-02,24
pollo,2025-09-02,27
aguacate,2025-09-02,22
chile,2025-09-02,20
jitomate,2025-09-03,39
cebolla,2025-09-03,37
huevo,2025-09-03,74
tortilla,2025-09-03,112
leche,2025-09-03,63
frijol,2025-09-03,27
arroz,2025-09-03,31
pollo,2025-09-03,32
aguacate,2025-09-03,14
chile,2025-09-03,20
jitomate,2025-09-04,36
cebolla,2025-09-04,30
huevo,2025-09-04,39
tortilla,2025-09-04,105
leche,2025-09-04,50
frijol,2025-09-04,23
arroz,2025-09-04,24
pollo,2025-09-04,32
aguacate,2025-09-04,20
chile,2025-09-04,16
jitomate,2025-09-05,32
cebolla,2025-09-05,30
huevo,2025-09-05,59
tortilla,2025-09-05,105
leche,2025-09-05,38
frijol,2025-09-05,24
arroz,2025-09-05,25
pollo,2025-09-05,38
aguacate,2025-09-05,22
chile,2025-09-05,21
jitomate,2025-09-06,68
cebolla,2025-09-06,40
huevo,2025-09-06,87
tortilla,2025-09-06,107
leche,2025-09-06,66
frijol,2025-09-06,34
arroz,2025-09-06,50
pollo,2025-09-06,39
aguacate,2025-09-06,29
chile,2025-09-06,24
jitomate,2025-09-07,47
cebolla,2025-09-07,42
huevo,2025-09-07,81
tortilla,2025-09-07,123
leche,2025-09-07,60
frijol,2025-09-07,37
arroz,2025-09-07,32
pollo,2025-09-07,44
aguacate,2025-09-07,33
chile,2025-09-07,29
jitomate,2025-09-08,37
cebolla,2025-09-08,34
huevo,2025-09-08,61
tortilla,2025-09-08,107
leche,2025-09-08,52
frijol,2025-09-08,32
arroz,2025-09-08,35
pollo,2025-09-08,31
aguacate,2025-09-08,22
chile,2025-09-08,16
jitomate,2025-09-09,41
cebolla,2025-09-09,22
huevo,2025-09-09,46
tortilla,2025-09-09,107
leche,2025-09-09,54
frijol,2025-09-09,29
arroz,2025-09-09,25
pollo,2025-09-09,30
aguacate,2025-09-09,22
chile,2025-09-09,22
jitomate,2025-09-10,42
cebolla,2025-09-10,32
huevo,2025-09-10,73
tortilla,2025-09-10,98
leche,2025-09-10,53
frijol,2025-09-10,27
arroz,2025-09-10,28
pollo,2025-09-10,45
aguacate,2025-09-10,22
chile,2025-09-10,17
jitomate,2025-09-11,45
cebolla,2025-09-11,35
huevo,2025-09-11,57
tortilla,2025-09-11,103
leche,2025-09-11,60
frijol,2025-09-11,13
arroz,2025-09-11,21
pollo,2025-09-11,38
aguacate,2025-09-11,19
chile,2025-09-11,23
jitomate,2025-09-12,43
cebolla,2025-09-12,30
huevo,2025-09-12,62
tortilla,2025-09-12,87
leche,2025-09-12,47
frijol,2025-09-12,26
arroz,2025-09-12,33
pollo,2025-09-12,28
aguacate,2025-09-12,23
chile,2025-09-12,17
jitomate,2025-09-13,54
cebolla,2025-09-13,36
huevo,2025-09-13,82
tortilla,2025-09-13,101
leche,2025-09-13,67
frijol,2025-09-13,32
arroz,2025-09-13,28
pollo,2025-09-13,50
aguacate,2025-09-13,17
chile,2025-09-13,23
jitomate,2025-09-14,52
cebolla,2025-09-14,52
huevo,2025-09-14,95
tortilla,2025-09-14,169
leche,2025-09-14,81
frijol,2025-09-14,41
arroz,2025-09-14,55
pollo,2025-09-14,54
aguacate,2025-09-14,37
chile,2025-09-14,37
jitomate,2025-09-15,57
cebolla,2025-09-15,50
huevo,2025-09-15,83
tortilla,2025-09-15,107
leche,2025-09-15,75
frijol,2025-09-15,37
arroz,2025-09-15,35
pollo,2025-09-15,49
aguacate,2025-09-15,28
chile,2025-09-15,25
jitomate,2025-09-16,52
cebolla,2025-09-16,38
huevo,2025-09-16,97
tortilla,2025-09-16,124
leche,2025-09-16,52
frijol,2025-09-16,33
arroz,2025-09-16,34
pollo,2025-09-16,47
aguacate,2025-09-16,29
chile,2025-09-16,24
jitomate,2025-09-17,31
cebolla,2025-09-17,24
huevo,2025-09-17,75
tortilla,2025-09-17,92
leche,2025-09-17,62
frijol,2025-09-17,28
arroz,2025-09-17,27
pollo,2025-09-17,27
aguacate,2025-09-17,24
chile,2025-09-17,20
jitomate,2025-09-18,52
cebolla,2025-09-18,30
huevo,2025-09-18,63
tortilla,2025-09-18,68
leche,2025-09-18,47
frijol,2025-09-18,27
arroz,2025-09-18,27
pollo,2025-09-18,31
aguacate,2025-09-18,27
chile,2025-09-18,23
jitomate,2025-09-19,35
cebolla,2025-09-19,31
huevo,2025-09-19,58
tortilla,2025-09-19,113
leche,2025-09-19,53
frijol,2025-09-19,28
arroz,2025-09-19,25
pollo,2025-09-19,43
aguacate,2025-09-19,22
chile,2025-09-19,24
jitomate,2025-09-20,62
cebolla,2025-09-20,36
huevo,2025-09-20,87
tortilla,2025-09-20,125
leche,2025-09-20,65
frijol,2025-09-20,37
arroz,2025-09-20,37
pollo,2025-09-20,47
aguacate,2025-09-20,27
chile,2025-09-20,21
jitomate,2025-09-21,54
cebolla,2025-09-21,41
huevo,2025-09-21,93
tortilla,2025-09-21,96
leche,2025-09-21,68
frijol,2025-09-21,41
arroz,2025-09-21,34
pollo,2025-09-21,40
aguacate,2025-09-21,25
chile,2025-09-21,27
jitomate,2025-09-22,33
cebolla,2025-09-22,31
huevo,2025-09-22,56
tortilla,2025-09-22,85
leche,2025-09-22,49
frijol,2025-09-22,24
arroz,2025-09-22,27
pollo,2025-09-22,36
aguacate,2025-09-22,24
chile,2025-09-22,17
jitomate,2025-09-23,44
cebolla,2025-09-23,29
huevo,2025-09-23,58
tortilla,2025-09-23,93
leche,2025-09-23,38
frijol,2025-09-23,23
arroz,2025-09-23,26
pollo,2025-09-23,31
aguacate,2025-09-23,22
chile,2025-09-23,17
jitomate,2025-09-24,36
cebolla,2025-09-24,36
huevo,2025-09-24,81
tortilla,2025-09-24,107
leche,2025-09-24,54
frijol,2025-09-24,30
arroz,2025-09-24,30
pollo,2025-09-24,35
aguacate,2025-09-24,23
chile,2025-09-24,18
jitomate,2025-09-25,28
cebolla,2025-09-25,27
huevo,2025-09-25,54
tortilla,2025-09-25,99
leche,2025-09-25,48
frijol,2025-09-25,19
arroz,2025-09-25,29
pollo,2025-09-25,38
aguacate,2025-09-25,25
chile,2025-09-25,20
jitomate,2025-09-26,56
cebolla,2025-09-26,27
huevo,2025-09-26,74
tortilla,2025-09-26,106
leche,2025-09-26,47
frijol,2025-09-26,25
arroz,2025-09-26,26
pollo,2025-09-26,35
aguacate,2025-09-26,21
chile,2025-09-26,17
jitomate,2025-09-27,54
cebolla,2025-09-27,34
huevo,2025-09-27,94
tortilla,2025-09-27,136
leche,2025-09-27,60
frijol,2025-09-27,38
arroz,2025-09-27,32
pollo,2025-09-27,34
aguacate,2025-09-27,31
chile,2025-09-27,26
jitomate,2025-09-28,48
cebolla,2025-09-28,43
huevo,2025-09-28,104
tortilla,2025-09-28,175
leche,2025-09-28,58
frijol,2025-09-28,35
arroz,2025-09-28,31
pollo,2025-09-28,67
aguacate,2025-09-28,28
chile,2025-09-28,27
jitomate,2025-09-29,52
cebolla,2025-09-29,33
huevo,2025-09-29,75
tortilla,2025-09-29,92
leche,2025-09-29,58
frijol,2025-09-29,31
arroz,2025-09-29,37
pollo,2025-09-29,30
aguacate,2025-09-29,28
chile,2025-09-29,32
jitomate,2025-09-30,44
cebolla,2025-09-30,41
huevo,2025-09-30,72
tortilla,2025-09-30,67
leche,2025-09-30,55
frijol,2025-09-30,29
arroz,2025-09-30,41
pollo,2025-09-30,45
aguacate,2025-09-30,27
chile,2025-09-30,26
jitomate,2025-10-01,54
cebolla,2025-10-01,38
huevo,2025-10-01,87
tortilla,2025-10-01,94
leche,2025-10-01,64
frijol,2025-10-01,39
arroz,2025-10-01,25
pollo,2025-10-01,40
aguacate,2025-10-01,30
chile,2025-10-01,24
jitomate,2025-10-02,40
cebolla,2025-10-02,34
huevo,2025-10-02,55
tortilla,2025-10-02,108
leche,2025-10-02,54
frijol,2025-10-02,33
arroz,2025-10-02,33
pollo,2025-10-02,40
aguacate,2025-10-02,28
chile,2025-10-02,17
jitomate,2025-10-03,40
cebolla,2025-10-03,23
huevo,2025-10-03,71
tortilla,2025-10-03,118
leche,2025-10-03,49
frijol,2025-10-03,21
arroz,2025-10-03,34
pollo,2025-10-03,33
aguacate,2025-10-03,21
chile,2025-10-03,23
jitomate,2025-10-04,52
cebolla,2025-10-04,40
huevo,2025-10-04,102
tortilla,2025-10-04,134
leche,2025-10-04,57
frijol,2025-10-04,42
arroz,2025-10-04,28
pollo,2025-10-04,55
aguacate,2025-10-04,32
chile,2025-10-04,23
jitomate,2025-10-05,48
cebolla,2025-10-05,34
huevo,2025-10-05,103
tortilla,2025-10-05,125
leche,2025-10-05,62
frijol,2025-10-05,37
arroz,2025-10-05,45
pollo,2025-10-05,50
aguacate,2025-10-05,33
chile,2025-10-05,28
jitomate,2025-10-06,42
cebolla,2025-10-06,33
huevo,2025-10-06,62
tortilla,2025-10-06,80
leche,2025-10-06,43
frijol,2025-10-06,28
arroz,2025-10-06,26
pollo,2025-10-06,37
aguacate,2025-10-06,22
chile,2025-10-06,22
jitomate,2025-10-07,44
cebolla,2025-10-07,33
huevo,2025-10-07,60
tortilla,2025-10-07,93
leche,2025-10-07,50
frijol,2025-10-07,27
arroz,2025-10-07,22
pollo,2025-10-07,37
aguacate,2025-10-07,24
chile,2025-10-07,20
jitomate,2025-10-08,35
cebolla,2025-10-08,30
huevo,2025-10-08,59
tortilla,2025-10-08,87
leche,2025-10-08,43
frijol,2025-10-08,22
arroz,2025-10-08,29
pollo,2025-10-08,39
aguacate,2025-10-08,24
chile,2025-10-08,16
jitomate,2025-10-09,44
cebolla,2025-10-09,31
huevo,2025-10-09,58
tortilla,2025-10-09,81
leche,2025-10-09,48
frijol,2025-10-09,29
arroz,2025-10-09,29
pollo,2025-10-09,36
aguacate,2025-10-09,20
chile,2025-10-09,27
jitomate,2025-10-10,28
cebolla,2025-10-10,22
huevo,2025-10-10,58
tortilla,2025-10-10,97
leche,2025-10-10,66
frijol,2025-10-10,28
arroz,2025-10-10,31
pollo,2025-10-10,42
aguacate,2025-10-10,23
chile,2025-10-10,13
jitomate,2025-10-11,57
cebolla,2025-10-11,42
huevo,2025-10-11,109
tortilla,2025-10-11,110
leche,2025-10-11,81
frijol,2025-10-11,27
arroz,2025-10-11,47
pollo,2025-10-11,49
aguacate,2025-10-11,34
chile,2025-10-11,27
jitomate,2025-10-12,60
cebolla,2025-10-12,42
huevo,2025-10-12,74
tortilla,2025-10-12,120
leche,2025-10-12,60
frijol,2025-10-12,34
arroz,2025-10-12,29
pollo,2025-10-12,49
aguacate,2025-10-12,34
chile,2025-10-12,29
jitomate,2025-10-13,50
cebolla,2025-10-13,32
huevo,2025-10-13,62
tortilla,2025-10-13,91
leche,2025-10-13,56
frijol,2025-10-13,29
arroz,2025-10-13,31
pollo,2025-10-13,29
aguacate,2025-10-13,28
chile,2025-10-13,20
jitomate,2025-10-14,60
cebolla,2025-10-14,40
huevo,2025-10-14,76
tortilla,2025-10-14,152
leche,2025-10-14,55
frijol,2025-10-14,25
arroz,2025-10-14,48
pollo,2025-10-14,48
aguacate,2025-10-14,27
chile,2025-10-14,22
jitomate,2025-10-15,37
cebolla,2025-10-15,50
huevo,2025-10-15,87
tortilla,2025-10-15,127
leche,2025-10-15,74
frijol,2025-10-15,28
arroz,2025-10-15,39
pollo,2025-10-15,53
aguacate,2025-10-15,19
chile,2025-10-15,26
jitomate,2025-10-16,58
cebolla,2025-10-16,40
huevo,2025-10-16,68
tortilla,2025-10-16,115
leche,2025-10-16,61
frijol,2025-10-16,35
arroz,2025-10-16,34
pollo,2025-10-16,51
aguacate,2025-10-16,27
chile,2025-10-16,22
jitomate,2025-10-17,49
cebolla,2025-10-17,31
huevo,2025-10-17,68
tortilla,2025-10-17,76
leche,2025-10-17,64
frijol,2025-10-17,21
arroz,2025-10-17,30
pollo,2025-10-17,36
aguacate,2025-10-17,20
chile,2025-10-17,18
jitomate,2025-10-18,65
cebolla,2025-10-18,52
huevo,2025-10-18,79
tortilla,2025-10-18,116
leche,2025-10-18,49
frijol,2025-10-18,43
arroz,2025-10-18,32
pollo,2025-10-18,41
aguacate,2025-10-18,31
chile,2025-10-18,27
jitomate,2025-10-19,67
cebolla,2025-10-19,54
huevo,2025-10-19,91
tortilla,2025-10-19,114
leche,2025-10-19,62
frijol,2025-10-19,33
arroz,2025-10-19,43
pollo,2025-10-19,55
aguacate,2025-10-19,33
chile,2025-10-19,18
jitomate,2025-10-20,38
cebolla,2025-10-20,38
huevo,2025-10-20,58
tortilla,2025-10-20,93
leche,2025-10-20,74
frijol,2025-10-20,26
arroz,2025-10-20,36
pollo,2025-10-20,47
aguacate,2025-10-20,26
chile,2025-10-20,18
jitomate,2025-10-21,28
cebolla,2025-10-21,27
huevo,2025-10-21,69
tortilla,2025-10-21,103
leche,2025-10-21,62
frijol,2025-10-21,22
arroz,2025-10-21,30
pollo,2025-10-21,25
aguacate,2025-10-21,20
chile,2025-10-21,20
jitomate,2025-10-22,28
cebolla,2025-10-22,35
huevo,2025-10-22,80
tortilla,2025-10-22,74
leche,2025-10-22,50
frijol,2025-10-22,33
arroz,2025-10-22,32
pollo,2025-10-22,39
aguacate,2025-10-22,23
chile,2025-10-22,15
jitomate,2025-10-23,41
cebolla,2025-10-23,38
huevo,2025-10-23,64
tortilla,2025-10-23,105
leche,2025-10-23,50
frijol,2025-10-23,23
arroz,2025-10-23,27
pollo,2025-10-23,31
aguacate,2025-10-23,18
chile,2025-10-23,19
jitomate,2025-10-24,41
cebolla,2025-10-24,27
huevo,2025-10-24,70
tortilla,2025-10-24,81
leche,2025-10-24,56
frijol,2025-10-24,28
arroz,2025-10-24,37
pollo,2025-10-24,39
aguacate,2025-10-24,26
chile,2025-10-24,19
jitomate,2025-10-25,43
cebolla,2025-10-25,46
huevo,2025-10-25,103
tortilla,2025-10-25,121
leche,2025-10-25,90
frijol,2025-10-25,39
arroz,2025-10-25,50
pollo,2025-10-25,46
aguacate,2025-10-25,26
chile,2025-10-25,25
jitomate,2025-10-26,49
cebolla,2025-10-26,42
huevo,2025-10-26,79
tortilla,2025-10-26,126
leche,2025-10-26,67
frijol,2025-10-26,29
arroz,2025-10-26,35
pollo,2025-10-26,57
aguacate,2025-10-26,30
chile,2025-10-26,20
jitomate,2025-10-27,29
cebolla,2025-10-27,30
huevo,2025-10-27,66
tortilla,2025-10-27,78
leche,2025-10-27,38
frijol,2025-10-27,28
arroz,2025-10-27,43
pollo,2025-10-27,42
aguacate,2025-10-27,20
chile,2025-10-27,19
jitomate,2025-10-28,41
cebolla,2025-10-28,25
huevo,2025-10-28,50
tortilla,2025-10-28,92
leche,2025-10-28,59
frijol,2025-10-28,27
arroz,2025-10-28,26
pollo,2025-10-28,40
aguacate,2025-10-28,25
chile,2025-10-28,16
jitomate,2025-10-29,43
cebolla,2025-10-29,43
huevo,2025-10-29,92
tortilla,2025-10-29,125
leche,2025-10-29,77
frijol,2025-10-29,40
arroz,2025-10-29,28
pollo,2025-10-29,49
aguacate,2025-10-29,35
chile,2025-10-29,28
jitomate,2025-10-30,64
cebolla,2025-10-30,36
huevo,2025-10-30,87
tortilla,2025-10-30,132
leche,2025-10-30,60
frijol,2025-10-30,34
arroz,2025-10-30,29
pollo,2025-10-30,40
aguacate,2025-10-30,30
chile,2025-10-30,27
jitomate,2025-10-31,52
cebolla,2025-10-31,48
huevo,2025-10-31,96
tortilla,2025-10-31,101
leche,2025-10-31,65
frijol,2025-10-31,30
arroz,2025-10-31,41
pollo,2025-10-31,51
aguacate,2025-10-31,25
chile,2025-10-31,27
jitomate,2025-11-01,57
cebolla,2025-11-01,63
huevo,2025-11-01,68
tortilla,2025-11-01,157
leche,2025-11-01,80
frijol,2025-11-01,49
arroz,2025-11-01,52
pollo,2025-11-01,42
aguacate,2025-11-01,31
chile,2025-11-01,29
jitomate,2025-11-02,67
cebolla,2025-11-02,53
huevo,2025-11-02,95
tortilla,2025-11-02,156
leche,2025-11-02,63
frijol,2025-11-02,38
arroz,2025-11-02,41
pollo,2025-11-02,42
aguacate,2025-11-02,30
chile,2025-11-02,24
jitomate,2025-11-03,47
cebolla,2025-11-03,35
huevo,2025-11-03,61
tortilla,2025-11-03,91
leche,2025-11-03,39
frijol,2025-11-03,30
arroz,2025-11-03,30
pollo,2025-11-03,38
aguacate,2025-11-03,26
chile,2025-11-03,18
jitomate,2025-11-04,38
cebolla,2025-11-04,30
huevo,2025-11-04,63
tortilla,2025-11-04,102
leche,2025-11-04,50
frijol,2025-11-04,26
arroz,2025-11-04,25
pollo,2025-11-04,36
aguacate,2025-11-04,18
chile,2025-11-04,18
jitomate,2025-11-05,48
cebolla,2025-11-05,34
huevo,2025-11-05,64
tortilla,2025-11-05,96
leche,2025-11-05,62
frijol,2025-11-05,23
arroz,2025-11-05,33
pollo,2025-11-05,34
aguacate,2025-11-05,25
chile,2025-11-05,19
jitomate,2025-11-06,40
cebolla,2025-11-06,35
huevo,2025-11-06,60
tortilla,2025-11-06,81
leche,2025-11-06,51
frijol,2025-11-06,22
arroz,2025-11-06,31
pollo,2025-11-06,35
aguacate,2025-11-06,20
chile,2025-11-06,21
jitomate,2025-11-07,47
cebolla,2025-11-07,32
huevo,2025-11-07,63
tortilla,2025-11-07,113
leche,2025-11-07,53
frijol,2025-11-07,29
arroz,2025-11-07,26
pollo,2025-11-07,42
aguacate,2025-11-07,24
chile,2025-11-07,21
jitomate,2025-11-08,55
cebolla,2025-11-08,38
huevo,2025-11-08,70
tortilla,2025-11-08,125
leche,2025-11-08,67
frijol,2025-11-08,29
arroz,2025-11-08,48
pollo,2025-11-08,58
aguacate,2025-11-08,22
chile,2025-11-08,17
jitomate,2025-11-09,44
cebolla,2025-11-09,44
huevo,2025-11-09,120
tortilla,2025-11-09,106
leche,2025-11-09,68
frijol,2025-11-09,43
arroz,2025-11-09,37
pollo,2025-11-09,58
aguacate,2025-11-09,36
chile,2025-11-09,26
jitomate,2025-11-10,50
cebolla,2025-11-10,38
huevo,2025-11-10,52
tortilla,2025-11-10,96
leche,2025-11-10,50
frijol,2025-11-10,28
arroz,2025-11-10,25
pollo,2025-11-10,33
aguacate,2025-11-10,24
chile,2025-11-10,20
jitomate,2025-11-11,53
cebolla,2025-11-11,34
huevo,2025-11-11,80
tortilla,2025-11-11,118
leche,2025-11-11,64
frijol,2025-11-11,13
arroz,2025-11-11,27
pollo,2025-11-11,41
aguacate,2025-11-11,19
chile,2025-11-11,18
jitomate,2025-11-12,48
cebolla,2025-11-12,33
huevo,2025-11-12,63
tortilla,2025-11-12,125
leche,2025-11-12,52
frijol,2025-11-12,32
arroz,2025-11-12,31
pollo,2025-11-12,39
aguacate,2025-11-12,23
chile,2025-11-12,17
jitomate,2025-11-13,43
cebolla,2025-11-13,26
huevo,2025-11-13,72
tortilla,2025-11-13,101
leche,2025-11-13,51
frijol,2025-11-13,31
arroz,2025-11-13,26
pollo,2025-11-13,27
aguacate,2025-11-13,26
chile,2025-11-13,16
jitomate,2025-11-14,43
cebolla,2025-11-14,42
huevo,2025-11-14,94
tortilla,2025-11-14,109
leche,2025-11-14,60
frijol,2025-11-14,42
arroz,2025-11-14,30
pollo,2025-11-14,54
aguacate,2025-11-14,32
chile,2025-11-14,22
jitomate,2025-11-15,70
cebolla,2025-11-15,47
huevo,2025-11-15,97
tortilla,2025-11-15,157
leche,2025-11-15,80
frijol,2025-11-15,34
arroz,2025-11-15,55
pollo,2025-11-15,57
aguacate,2025-11-15,44
chile,2025-11-15,31
jitomate,2025-11-16,102
cebolla,2025-11-16,58
huevo,2025-11-16,86
tortilla,2025-11-16,128
leche,2025-11-16,77
frijol,2025-11-16,42
arroz,2025-11-16,38
pollo,2025-11-16,52
aguacate,2025-11-16,39
chile,2025-11-16,25
jitomate,2025-11-17,43
cebolla,2025-11-17,34
huevo,2025-11-17,56
tortilla,2025-11-17,108
leche,2025-11-17,56
frijol,2025-11-17,32
arroz,2025-11-17,34
pollo,2025-11-17,37
aguacate,2025-11-17,24
chile,2025-11-17,21
jitomate,2025-11-18,46
cebolla,2025-11-18,25
huevo,2025-11-18,75
tortilla,2025-11-18,91
leche,2025-11-18,64
frijol,2025-11-18,28
arroz,2025-11-18,28
pollo,2025-11-18,38
aguacate,2025-11-18,29
chile,2025-11-18,18
jitomate,2025-11-19,33
cebolla,2025-11-19,32
huevo,2025-11-19,78
tortilla,2025-11-19,123
leche,2025-11-19,64
frijol,2025-11-19,19
arroz,2025-11-19,30
pollo,2025-11-19,36
aguacate,2025-11-19,24
chile,2025-11-19,17
jitomate,2025-11-20,42
cebolla,2025-11-20,27
huevo,2025-11-20,89
tortilla,2025-11-20,100
leche,2025-11-20,51
frijol,2025-11-20,22
arroz,2025-11-20,35
pollo,2025-11-20,42
aguacate,2025-11-20,28
chile,2025-11-20,21
jitomate,2025-11-21,41
cebolla,2025-11-21,29
huevo,2025-11-21,58
tortilla,2025-11-21,93
leche,2025-11-21,61
frijol,2025-11-21,25
arroz,2025-11-21,32
pollo,2025-11-21,43
aguacate,2025-11-21,23
chile,2025-11-21,23
jitomate,2025-11-22,61
cebolla,2025-11-22,45
huevo,2025-11-22,85
tortilla,2025-11-22,132
leche,2025-11-22,62
frijol,2025-11-22,31
arroz,2025-11-22,42
pollo,2025-11-22,57
aguacate,2025-11-22,30
chile,2025-11-22,28
jitomate,2025-11-23,55
cebolla,2025-11-23,38
huevo,2025-11-23,86
tortilla,2025-11-23,136
leche,2025-11-23,64
frijol,2025-11-23,33
arroz,2025-11-23,37
pollo,2025-11-23,51
aguacate,2025-11-23,24
chile,2025-11-23,27
jitomate,2025-11-24,46
cebolla,2025-11-24,34
huevo,2025-11-24,60
tortilla,2025-11-24,103
leche,2025-11-24,46
frijol,2025-11-24,24
arroz,2025-11-24,34
pollo,2025-11-24,31
aguacate,2025-11-24,22
chile,2025-11-24,18
jitomate,2025-11-25,48
cebolla,2025-11-25,26
huevo,2025-11-25,60
tortilla,2025-11-25,83
leche,2025-11-25,69
frijol,2025-11-25,26
arroz,2025-11-25,28
pollo,2025-11-25,39
aguacate,2025-11-25,27
chile,2025-11-25,14
jitomate,2025-11-26,37
cebolla,2025-11-26,34
huevo,2025-11-26,60
tortilla,2025-11-26,78
leche,2025-11-26,49
frijol,2025-11-26,28
arroz,2025-11-26,32
pollo,2025-11-26,50
aguacate,2025-11-26,18
chile,2025-11-26,15
jitomate,2025-11-27,36
cebolla,2025-11-27,38
huevo,2025-11-27,57
tortilla,2025-11-27,76
leche,2025-11-27,62
frijol,2025-11-27,24
arroz,2025-11-27,36
pollo,2025-11-27,40
aguacate,2025-11-27,22
chile,2025-11-27,22
jitomate,2025-11-28,49
cebolla,2025-11-28,40
huevo,2025-11-28,62
tortilla,2025-11-28,94
leche,2025-11-28,67
frijol,2025-11-28,32
arroz,2025-11-28,32
pollo,2025-11-28,34
aguacate,2025-11-28,20
chile,2025-11-28,16
jitomate,2025-11-29,61
cebolla,2025-11-29,52
huevo,2025-11-29,88
tortilla,2025-11-29,178
leche,2025-11-29,55
frijol,2025-11-29,39
arroz,2025-11-29,45
pollo,2025-11-29,68
aguacate,2025-11-29,42
chile,2025-11-29,26
jitomate,2025-11-30,74
cebolla,2025-11-30,45
huevo,2025-11-30,112
tortilla,2025-11-30,131
leche,2025-11-30,91
frijol,2025-11-30,55
arroz,2025-11-30,65
pollo,2025-11-30,73
aguacate,2025-11-30,33
chile,2025-11-30,30
jitomate,2025-12-01,54
cebolla,2025-12-01,43
huevo,2025-12-01,69
tortilla,2025-12-01,127
leche,2025-12-01,91
frijol,2025-12-01,52
arroz,2025-12-01,47
pollo,2025-12-01,56
aguacate,2025-12-01,38
chile,2025-12-01,21
jitomate,2025-12-02,44
cebolla,2025-12-02,42
huevo,2025-12-02,72
tortilla,2025-12-02,106
leche,2025-12-02,71
frijol,2025-12-02,22
arroz,2025-12-02,41
pollo,2025-12-02,38
aguacate,2025-12-02,30
chile,2025-12-02,23
jitomate,2025-12-03,55
cebolla,2025-12-03,43
huevo,2025-12-03,64
tortilla,2025-12-03,127
leche,2025-12-03,67
frijol,2025-12-03,38
arroz,2025-12-03,32
pollo,2025-12-03,52
aguacate,2025-12-03,31
chile,2025-12-03,21
jitomate,2025-12-04,58
cebolla,2025-12-04,35
huevo,2025-12-04,85
tortilla,2025-12-04,111
leche,2025-12-04,64
frijol,2025-12-04,32
arroz,2025-12-04,40
pollo,2025-12-04,43
aguacate,2025-12-04,30
chile,2025-12-04,25
jitomate,2025-12-05,44
cebolla,2025-12-05,43
huevo,2025-12-05,92
tortilla,2025-12-05,121
leche,2025-12-05,66
frijol,2025-12-05,27
arroz,2025-12-05,42
pollo,2025-12-05,34
aguacate,2025-12-05,28
chile,2025-12-05,28
jitomate,2025-12-06,58
cebolla,2025-12-06,53
huevo,2025-12-06,87
tortilla,2025-12-06,161
leche,2025-12-06,64
frijol,2025-12-06,38
arroz,2025-12-06,41
pollo,2025-12-06,58
aguacate,2025-12-06,27
chile,2025-12-06,36
jitomate,2025-12-07,68
cebolla,2025-12-07,45
huevo,2025-12-07,119
tortilla,2025-12-07,146
leche,2025-12-07,84
frijol,2025-12-07,42
arroz,2025-12-07,56
pollo,2025-12-07,58
aguacate,2025-12-07,30
chile,2025-12-07,30
jitomate,2025-12-08,53
cebolla,2025-12-08,37
huevo,2025-12-08,68
tortilla,2025-12-08,99
leche,2025-12-08,47
frijol,2025-12-08,34
arroz,2025-12-08,31
pollo,2025-12-08,40
aguacate,2025-12-08,30
chile,2025-12-08,26
jitomate,2025-12-09,42
cebolla,2025-12-09,36
huevo,2025-12-09,71
tortilla,2025-12-09,121
leche,2025-12-09,53
frijol,2025-12-09,27
arroz,2025-12-09,37
pollo,2025-12-09,40
aguacate,2025-12-09,23
chile,2025-12-09,22
jitomate,2025-12-10,43
cebolla,2025-12-10,36
huevo,2025-12-10,89
tortilla,2025-12-10,110
leche,2025-12-10,61
frijol,2025-12-10,29
arroz,2025-12-10,27
pollo,2025-12-10,45
aguacate,2025-12-10,32
chile,2025-12-10,27
jitomate,2025-12-11,71
cebolla,2025-12-11,36
huevo,2025-12-11,77
tortilla,2025-12-11,94
leche,2025-12-11,80
frijol,2025-12-11,36
arroz,2025-12-11,40
pollo,2025-12-11,48
aguacate,2025-12-11,27
chile,2025-12-11,14
jitomate,2025-12-12,59
cebolla,2025-12-12,41
huevo,2025-12-12,78
tortilla,2025-12-12,99
leche,2025-12-12,71
frijol,2025-12-12,33
arroz,2025-12-12,36
pollo,2025-12-12,36
aguacate,2025-12-12,23
chile,2025-12-12,22
jitomate,2025-12-13,64
cebolla,2025-12-13,41
huevo,2025-12-13,123
tortilla,2025-12-13,137
leche,2025-12-13,80
frijol,2025-12-13,42
arroz,2025-12-13,56
pollo,2025-12-13,50
aguacate,2025-12-13,35
chile,2025-12-13,24
jitomate,2025-12-14,94
cebolla,2025-12-14,65
huevo,2025-12-14,125
tortilla,2025-12-14,191
leche,2025-12-14,129
frijol,2025-12-14,50
arroz,2025-12-14,52
pollo,2025-12-14,65
aguacate,2025-12-14,52
chile,2025-12-14,40
jitomate,2025-12-15,67
cebolla,2025-12-15,42
huevo,2025-12-15,101
tortilla,2025-12-15,153
leche,2025-12-15,79
frijol,2025-12-15,38
arroz,2025-12-15,47
pollo,2025-12-15,58
aguacate,2025-12-15,32
chile,2025-12-15,27
jitomate,2025-12-16,46
cebolla,2025-12-16,51
huevo,2025-12-16,92
tortilla,2025-12-16,173
leche,2025-12-16,57
frijol,2025-12-16,40
arroz,2025-12-16,48
pollo,2025-12-16,49
aguacate,2025-12-16,37
chile,2025-12-16,29
jitomate,2025-12-17,54
cebolla,2025-12-17,36
huevo,2025-12-17,39
tortilla,2025-12-17,114
leche,2025-12-17,63
frijol,2025-12-17,28
arroz,2025-12-17,28
pollo,2025-12-17,47
aguacate,2025-12-17,29
chile,2025-12-17,28
jitomate,2025-12-18,44
cebolla,2025-12-18,44
huevo,2025-12-18,75
tortilla,2025-12-18,104
leche,2025-12-18,67
frijol,2025-12-18,35
arroz,2025-12-18,32
pollo,2025-12-18,54
aguacate,2025-12-18,28
chile,2025-12-18,18
jitomate,2025-12-19,41
cebolla,2025-12-19,44
huevo,2025-12-19,69
tortilla,2025-12-19,114
leche,2025-12-19,63
frijol,2025-12-19,31
arroz,2025-12-19,40
pollo,2025-12-19,41
aguacate,2025-12-19,23
chile,2025-12-19,15
jitomate,2025-12-20,64
cebolla,2025-12-20,47
huevo,2025-12-20,116
tortilla,2025-12-20,131
leche,2025-12-20,94
frijol,2025-12-20,39
arroz,2025-12-20,57
pollo,2025-12-20,49
aguacate,2025-12-20,34
chile,2025-12-20,32
jitomate,2025-12-21,77
cebolla,2025-12-21,55
huevo,2025-12-21,78
tortilla,2025-12-21,170
leche,2025-12-21,81
frijol,2025-12-21,31
arroz,2025-12-21,42
pollo,2025-12-21,54
aguacate,2025-12-21,31
chile,2025-12-21,35
jitomate,2025-12-22,54
cebolla,2025-12-22,44
huevo,2025-12-22,65
tortilla,2025-12-22,84
leche,2025-12-22,67
frijol,2025-12-22,31
arroz,2025-12-22,40
pollo,2025-12-22,48
aguacate,2025-12-22,28
chile,2025-12-22,25
jitomate,2025-12-23,51
cebolla,2025-12-23,39
huevo,2025-12-23,97
tortilla,2025-12-23,134
leche,2025-12-23,53
frijol,2025-12-23,24
arroz,2025-12-23,42
pollo,2025-12-23,41
aguacate,2025-12-23,27
chile,2025-12-23,21
jitomate,2025-12-24,52
cebolla,2025-12-24,35
huevo,2025-12-24,62
tortilla,2025-12-24,82
leche,2025-12-24,40
frijol,2025-12-24,26
arroz,2025-12-24,41
pollo,2025-12-24,38
aguacate,2025-12-24,27
chile,2025-12-24,26
jitomate,2025-12-25,60
cebolla,2025-12-25,34
huevo,2025-12-25,83
tortilla,2025-12-25,106
leche,2025-12-25,44
frijol,2025-12-25,36
arroz,2025-12-25,36
pollo,2025-12-25,38
aguacate,2025-12-25,28
chile,2025-12-25,24
jitomate,2025-12-26,51
cebolla,2025-12-26,32
huevo,2025-12-26,73
tortilla,2025-12-26,118
leche,2025-12-26,70
frijol,2025-12-26,30
arroz,2025-12-26,29
pollo,2025-12-26,47
aguacate,2025-12-26,33
chile,2025-12-26,20
jitomate,2025-12-27,70
cebolla,2025-12-27,56
huevo,2025-12-27,113
tortilla,2025-12-27,176
leche,2025-12-27,85
frijol,2025-12-27,49
arroz,2025-12-27,55
pollo,2025-12-27,50
aguacate,2025-12-27,37
chile,2025-12-27,30
jitomate,2025-12-28,58
cebolla,2025-12-28,46
huevo,2025-12-28,68
tortilla,2025-12-28,162
leche,2025-12-28,92
frijol,2025-12-28,48
arroz,2025-12-28,55
pollo,2025-12-28,52
aguacate,2025-12-28,35
chile,2025-12-28,36
jitomate,2025-12-29,73
cebolla,2025-12-29,42
huevo,2025-12-29,61
tortilla,2025-12-29,136
leche,2025-12-29,66
frijol,2025-12-29,39
arroz,2025-12-29,50
pollo,2025-12-29,43
aguacate,2025-12-29,36
chile,2025-12-29,23
jitomate,2025-12-30,86
cebolla,2025-12-30,47
huevo,2025-12-30,100
tortilla,2025-12-30,119
leche,2025-12-30,53
frijol,2025-12-30,33
arroz,2025-12-30,37
pollo,2025-12-30,64
aguacate,2025-12-30,28
chile,2025-12-30,32
jitomate,2025-12-31,66
cebolla,2025-12-31,46
huevo,2025-12-31,59
tortilla,2025-12-31,129
leche,2025-12-31,90
frijol,2025-12-31,42
arroz,2025-12-31,45
pollo,2025-12-31,43
aguacate,2025-12-31,35
chile,2025-12-31,29
jitomate,2026-01-01,44
cebolla,2026-01-01,38
huevo,2026-01-01,64
tortilla,2026-01-01,75
leche,2026-01-01,54
frijol,2026-01-01,27
arroz,2026-01-01,39
pollo,2026-01-01,46
aguacate,2026-01-01,26
chile,2026-01-01,20
jitomate,2026-01-02,41
cebolla,2026-01-02,35
huevo,2026-01-02,49
tortilla,2026-01-02,77
leche,2026-01-02,56
frijol,2026-01-02,25
arroz,2026-01-02,25
pollo,2026-01-02,39
aguacate,2026-01-02,23
chile,2026-01-02,15
jitomate,2026-01-03,51
cebolla,2026-01-03,37
huevo,2026-01-03,92
tortilla,2026-01-03,121
leche,2026-01-03,66
frijol,2026-01-03,31
arroz,2026-01-03,37
pollo,2026-01-03,34
aguacate,2026-01-03,21
chile,2026-01-03,24
jitomate,2026-01-04,52
cebolla,2026-01-04,35
huevo,2026-01-04,52
tortilla,2026-01-04,93
leche,2026-01-04,67
frijol,2026-01-04,31
arroz,2026-01-04,31
pollo,2026-01-04,37
aguacate,2026-01-04,28
chile,2026-01-04,22
jitomate,2026-01-05,37
cebolla,2026-01-05,26
huevo,2026-01-05,58
tortilla,2026-01-05,89
leche,2026-01-05,43
frijol,2026-01-05,30
arroz,2026-01-05,24
pollo,2026-01-05,34
aguacate,2026-01-05,16
chile,2026-01-05,15
jitomate,2026-01-06,43
cebolla,2026-01-06,32
huevo,2026-01-06,59
tortilla,2026-01-06,77
leche,2026-01-06,50
frijol,2026-01-06,20
arroz,2026-01-06,31
pollo,2026-01-06,20
aguacate,2026-01-06,20
chile,2026-01-06,15
jitomate,2026-01-07,45
cebolla,2026-01-07,28
huevo,2026-01-07,68
tortilla,2026-01-07,104
leche,2026-01-07,51
frijol,2026-01-07,18
arroz,2026-01-07,24
pollo,2026-01-07,31
aguacate,2026-01-07,22
chile,2026-01-07,18
jitomate,2026-01-08,30
cebolla,2026-01-08,32
huevo,2026-01-08,48
tortilla,2026-01-08,81
leche,2026-01-08,49
frijol,2026-01-08,23
arroz,2026-01-08,33
pollo,2026-01-08,39
aguacate,2026-01-08,17
chile,2026-01-08,14
jitomate,2026-01-09,45
cebolla,2026-01-09,29
huevo,2026-01-09,62
tortilla,2026-01-09,86
leche,2026-01-09,56
frijol,2026-01-09,26
arroz,2026-01-09,30
pollo,2026-01-09,30
aguacate,2026-01-09,23
chile,2026-01-09,13
jitomate,2026-01-10,48
cebolla,2026-01-10,34
huevo,2026-01-10,65
tortilla,2026-01-10,96
leche,2026-01-10,43
frijol,2026-01-10,37
arroz,2026-01-10,33
pollo,2026-01-10,42
aguacate,2026-01-10,29
chile,2026-01-10,26
jitomate,2026-01-11,59
cebolla,2026-01-11,35
huevo,2026-01-11,76
tortilla,2026-01-11,96
leche,2026-01-11,69
frijol,2026-01-11,31
arroz,2026-01-11,39
pollo,2026-01-11,49
aguacate,2026-01-11,30
chile,2026-01-11,24
jitomate,2026-01-12,38
cebolla,2026-01-12,23
huevo,2026-01-12,60
tortilla,2026-01-12,107
leche,2026-01-12,44
frijol,2026-01-12,21
arroz,2026-01-12,29
pollo,2026-01-12,42
aguacate,2026-01-12,18
chile,2026-01-12,11
jitomate,2026-01-13,34
cebolla,2026-01-13,29
huevo,2026-01-13,56
tortilla,2026-01-13,82
leche,2026-01-13,44
frijol,2026-01-13,21
arroz,2026-01-13,23
pollo,2026-01-13,35
aguacate,2026-01-13,23
chile,2026-01-13,13
jitomate,2026-01-14,59
cebolla,2026-01-14,38
huevo,2026-01-14,77
tortilla,2026-01-14,102
leche,2026-01-14,62
frijol,2026-01-14,25
arroz,2026-01-14,41
pollo,2026-01-14,50
aguacate,2026-01-14,25
chile,2026-01-14,17
jitomate,2026-01-15,45
cebolla,2026-01-15,39
huevo,2026-01-15,67
tortilla,2026-01-15,94
leche,2026-01-15,61
frijol,2026-01-15,26
arroz,2026-01-15,40
pollo,2026-01-15,47
aguacate,2026-01-15,29
chile,2026-01-15,19
jitomate,2026-01-16,49
cebolla,2026-01-16,42
huevo,2026-01-16,49
tortilla,2026-01-16,110
leche,2026-01-16,72
frijol,2026-01-16,38
arroz,2026-01-16,29
pollo,2026-01-16,43
aguacate,2026-01-16,30
chile,2026-01-16,25
jitomate,2026-01-17,36
cebolla,2026-01-17,26
huevo,2026-01-17,76
tortilla,2026-01-17,119
leche,2026-01-17,61
frijol,2026-01-17,29
arroz,2026-01-17,41
pollo,2026-01-17,53
aguacate,2026-01-17,25
chile,2026-01-17,23
jitomate,2026-01-18,41
cebolla,2026-01-18,47
huevo,2026-01-18,58
tortilla,2026-01-18,93
leche,2026-01-18,54
frijol,2026-01-18,26
arroz,2026-01-18,41
pollo,2026-01-18,58
aguacate,2026-01-18,28
chile,2026-01-18,21
jitomate,2026-01-19,42
cebolla,2026-01-19,25
huevo,2026-01-19,68
tortilla,2026-01-19,85
leche,2026-01-19,50
frijol,2026-01-19,21
arroz,2026-01-19,26
pollo,2026-01-19,25
aguacate,2026-01-19,21
chile,2026-01-19,19
jitomate,2026-01-20,27
cebolla,2026-01-20,24
huevo,2026-01-20,53
tortilla,2026-01-20,82
leche,2026-01-20,47
frijol,2026-01-20,24
arroz,2026-01-20,28
pollo,2026-01-20,33
aguacate,2026-01-20,16
chile,2026-01-20,18
jitomate,2026-01-21,45
cebolla,2026-01-21,30
huevo,2026-01-21,42
tortilla,2026-01-21,88
leche,2026-01-21,51
frijol,2026-01-21,20
arroz,2026-01-21,27
pollo,2026-01-21,40
aguacate,2026-01-21,26
chile,2026-01-21,17
jitomate,2026-01-22,41
cebolla,2026-01-22,28
huevo,2026-01-22,53
tortilla,2026-01-22,103
leche,2026-01-22,54
frijol,2026-01-22,26
arroz,2026-01-22,24
pollo,2026-01-22,41
aguacate,2026-01-22,24
chile,2026-01-22,14
jitomate,2026-01-23,44
cebolla,2026-01-23,29
huevo,2026-01-23,59
tortilla,2026-01-23,60
leche,2026-01-23,37
frijol,2026-01-23,27
arroz,2026-01-23,24
pollo,2026-01-23,37
aguacate,2026-01-23,17
chile,2026-01-23,13
jitomate,2026-01-24,64
cebolla,2026-01-24,42
huevo,2026-01-24,73
tortilla,2026-01-24,115
leche,2026-01-24,55
frijol,2026-01-24,33
arroz,2026-01-24,41
pollo,2026-01-24,41
aguacate,2026-01-24,29
chile,2026-01-24,17
jitomate,2026-01-25,63
cebolla,2026-01-25,43
huevo,2026-01-25,74
tortilla,2026-01-25,106
leche,2026-01-25,75
frijol,2026-01-25,29
arroz,2026-01-25,36
pollo,2026-01-25,41
aguacate,2026-01-25,23
chile,2026-01-25,26
jitomate,2026-01-26,36
cebolla,2026-01-26,30
huevo,2026-01-26,54
tortilla,2026-01-26,84
leche,2026-01-26,46
frijol,2026-01-26,21
arroz,2026-01-26,30
pollo,2026-01-26,33
aguacate,2026-01-26,24
chile,2026-01-26,19
jitomate,2026-01-27,45
cebolla,2026-01-27,26
huevo,2026-01-27,63
tortilla,2026-01-27,83
leche,2026-01-27,47
frijol,2026-01-27,21
arroz,2026-01-27,25
pollo,2026-01-27,36
aguacate,2026-01-27,20
chile,2026-01-27,15
jitomate,2026-01-28,43
cebolla,2026-01-28,30
huevo,2026-01-28,47
tortilla,2026-01-28,87
leche,2026-01-28,56
frijol,2026-01-28,28
arroz,2026-01-28,24
pollo,2026-01-28,28
aguacate,2026-01-28,20
chile,2026-01-28,21
jitomate,2026-01-29,53
cebolla,2026-01-29,23
huevo,2026-01-29,80
tortilla,2026-01-29,71
leche,2026-01-29,77
frijol,2026-01-29,33
arroz,2026-01-29,31
pollo,2026-01-29,42
aguacate,2026-01-29,29
chile,2026-01-29,20
jitomate,2026-01-30,51
cebolla,2026-01-30,35
huevo,2026-01-30,69
tortilla,2026-01-30,131
leche,2026-01-30,41
frijol,2026-01-30,30
arroz,2026-01-30,26
pollo,2026-01-30,40
aguacate,2026-01-30,23
chile,2026-01-30,30
jitomate,2026-01-31,57
cebolla,2026-01-31,45
huevo,2026-01-31,84
tortilla,2026-01-31,157
leche,2026-01-31,71
frijol,2026-01-31,35
arroz,2026-01-31,55
pollo,2026-01-31,60
aguacate,2026-01-31,35
chile,2026-01-31,38
jitomate,2026-02-01,54
cebolla,2026-02-01,39
huevo,2026-02-01,79
tortilla,2026-02-01,159
leche,2026-02-01,68
frijol,2026-02-01,44
arroz,2026-02-01,38
pollo,2026-02-01,38
aguacate,2026-02-01,29
chile,2026-02-01,28
jitomate,2026-02-02,43
cebolla,2026-02-02,33
huevo,2026-02-02,58
tortilla,2026-02-02,91
leche,2026-02-02,28
frijol,2026-02-02,24
arroz,2026-02-02,26
pollo,2026-02-02,31
aguacate,2026-02-02,18
chile,2026-02-02,19
jitomate,2026-02-03,43
cebolla,2026-02-03,36
huevo,2026-02-03,54
tortilla,2026-02-03,73
leche,2026-02-03,59
frijol,2026-02-03,22
arroz,2026-02-03,24
pollo,2026-02-03,25
aguacate,2026-02-03,22
chile,2026-02-03,18
jitomate,2026-02-04,41
cebolla,2026-02-04,29
huevo,2026-02-04,60
tortilla,2026-02-04,90
leche,2026-02-04,50
frijol,2026-02-04,27
arroz,2026-02-04,29
pollo,2026-02-04,33
aguacate,2026-02-04,19
chile,2026-02-04,19
jitomate,2026-02-05,34
cebolla,2026-02-05,27
huevo,2026-02-05,49
tortilla,2026-02-05,109
leche,2026-02-05,39
frijol,2026-02-05,25
arroz,2026-02-05,28
pollo,2026-02-05,36
aguacate,2026-02-05,20
chile,2026-02-05,17
jitomate,2026-02-06,36
cebolla,2026-02-06,16
huevo,2026-02-06,49
tortilla,2026-02-06,100
leche,2026-02-06,40
frijol,2026-02-06,23
arroz,2026-02-06,36
pollo,2026-02-06,28
aguacate,2026-02-06,19
chile,2026-02-06,16
jitomate,2026-02-07,33
cebolla,2026-02-07,31
huevo,2026-02-07,56
tortilla,2026-02-07,116
leche,2026-02-07,58
frijol,2026-02-07,20
arroz,2026-02-07,38
pollo,2026-02-07,48
aguacate,2026-02-07,25
chile,2026-02-07,25
jitomate,2026-02-08,52
cebolla,2026-02-08,31
huevo,2026-02-08,75
tortilla,2026-02-08,111
leche,2026-02-08,52
frijol,2026-02-08,25
arroz,2026-02-08,36
pollo,2026-02-08,56
aguacate,2026-02-08,26
chile,2026-02-08,22
jitomate,2026-02-09,31
cebolla,2026-02-09,27
huevo,2026-02-09,54
tortilla,2026-02-09,78
leche,2026-02-09,41
frijol,2026-02-09,23
arroz,2026-02-09,24
pollo,2026-02-09,38
aguacate,2026-02-09,26
chile,2026-02-09,15
jitomate,2026-02-10,35
cebolla,2026-02-10,29
huevo,2026-02-10,60
tortilla,2026-02-10,73
leche,2026-02-10,42
frijol,2026-02-10,25
arroz,2026-02-10,19
pollo,2026-02-10,43
aguacate,2026-02-10,21
chile,2026-02-10,16
jitomate,2026-02-11,36
cebolla,2026-02-11,23
huevo,2026-02-11,70
tortilla,2026-02-11,82
leche,2026-02-11,43
frijol,2026-02-11,29
arroz,2026-02-11,30
pollo,2026-02-11,31
aguacate,2026-02-11,22
chile,2026-02-11,16
jitomate,2026-02-12,35
cebolla,2026-02-12,27
huevo,2026-02-12,58
tortilla,2026-02-12,96
leche,2026-02-12,60
frijol,2026-02-12,16
arroz,2026-02-12,35
pollo,2026-02-12,37
aguacate,2026-02-12,20
chile,2026-02-12,15
jitomate,2026-02-13,26
cebolla,2026-02-13,33
huevo,2026-02-13,46
tortilla,2026-02-13,91
leche,2026-02-13,43
frijol,2026-02-13,17
arroz,2026-02-13,27
pollo,2026-02-13,35
aguacate,2026-02-13,17
chile,2026-02-13,19
jitomate,2026-02-14,76
cebolla,2026-02-14,48
huevo,2026-02-14,96
tortilla,2026-02-14,120
leche,2026-02-14,63
frijol,2026-02-14,35
arroz,2026-02-14,42
pollo,2026-02-14,52
aguacate,2026-02-14,32
chile,2026-02-14,37
jitomate,2026-02-15,65
cebolla,2026-02-15,38
huevo,2026-02-15,74
tortilla,2026-02-15,99
leche,2026-02-15,63
frijol,2026-02-15,41
arroz,2026-02-15,40
pollo,2026-02-15,47
aguacate,2026-02-15,36
chile,2026-02-15,29
jitomate,2026-02-16,49
cebolla,2026-02-16,34
huevo,2026-02-16,69
tortilla,2026-02-16,83
leche,2026-02-16,42
frijol,2026-02-16,25
arroz,2026-02-16,28
pollo,2026-02-16,35
aguacate,2026-02-16,25
chile,2026-02-16,19
jitomate,2026-02-17,30
cebolla,2026-02-17,27
huevo,2026-02-17,58
tortilla,2026-02-17,77
leche,2026-02-17,52
frijol,2026-02-17,24
arroz,2026-02-17,27
pollo,2026-02-17,30
aguacate,2026-02-17,21
chile,2026-02-17,18
jitomate,2026-02-18,26
cebolla,2026-02-18,32
huevo,2026-02-18,51
tortilla,2026-02-18,91
leche,2026-02-18,30
frijol,2026-02-18,22
arroz,2026-02-18,19
pollo,2026-02-18,31
aguacate,2026-02-18,21
chile,2026-02-18,18
jitomate,2026-02-19,37
cebolla,2026-02-19,22
huevo,2026-02-19,66
tortilla,2026-02-19,66
leche,2026-02-19,44
frijol,2026-02-19,20
arroz,2026-02-19,23
pollo,2026-02-19,25
aguacate,2026-02-19,24
chile,2026-02-19,18
jitomate,2026-02-20,37
cebolla,2026-02-20,27
huevo,2026-02-20,47
tortilla,2026-02-20,81
leche,2026-02-20,40
frijol,2026-02-20,23
arroz,2026-02-20,27
pollo,2026-02-20,31
aguacate,2026-02-20,21
chile,2026-02-20,18
jitomate,2026-02-21,54
cebolla,2026-02-21,47
huevo,2026-02-21,56
tortilla,2026-02-21,88
leche,2026-02-21,49
frijol,2026-02-21,29
arroz,2026-02-21,25
pollo,2026-02-21,39
aguacate,2026-02-21,30
chile,2026-02-21,24
jitomate,2026-02-22,60
cebolla,2026-02-22,40
huevo,2026-02-22,83
tortilla,2026-02-22,99
leche,2026-02-22,57
frijol,2026-02-22,34
arroz,2026-02-22,38
pollo,2026-02-22,30
aguacate,2026-02-22,21
chile,2026-02-22,18
jitomate,2026-02-23,32
cebolla,2026-02-23,33
huevo,2026-02-23,70
tortilla,2026-02-23,87
leche,2026-02-23,48
frijol,2026-02-23,30
arroz,2026-02-23,27
pollo,2026-02-23,35
aguacate,2026-02-23,21
chile,2026-02-23,17
jitomate,2026-02-24,44
cebolla,2026-02-24,31
huevo,2026-02-24,56
tortilla,2026-02-24,78
leche,2026-02-24,48
frijol,2026-02-24,17
arroz,2026-02-24,28
pollo,2026-02-24,33
aguacate,2026-02-24,21
chile,2026-02-24,14
jitomate,2026-02-25,39
cebolla,2026-02-25,28
huevo,2026-02-25,55
tortilla,2026-02-25,87
leche,2026-02-25,40
frijol,2026-02-25,18
arroz,2026-02-25,28
pollo,2026-02-25,22
aguacate,2026-02-25,22
chile,2026-02-25,22
jitomate,2026-02-26,39
cebolla,2026-02-26,31
huevo,2026-02-26,69
tortilla,2026-02-26,96
leche,2026-02-26,62
frijol,2026-02-26,20
arroz,2026-02-26,24
pollo,2026-02-26,35
aguacate,2026-02-26,15
chile,2026-02-26,17
jitomate,2026-02-27,37
cebolla,2026-02-27,33
huevo,2026-02-27,64
tortilla,2026-02-27,92
leche,2026-02-27,51
frijol,2026-02-27,23
arroz,2026-02-27,27
pollo,2026-02-27,36
aguacate,2026-02-27,23
chile,2026-02-27,15
jitomate,2026-02-28,51
cebolla,2026-02-28,35
huevo,2026-02-28,75
tortilla,2026-02-28,126
leche,2026-02-28,58
frijol,2026-02-28,26
arroz,2026-02-28,29
pollo,2026-02-28,38
aguacate,2026-02-28,29
chile,2026-02-28,21
jitomate,2026-03-01,58
cebolla,2026-03-01,53
huevo,2026-03-01,98
tortilla,2026-03-01,158
leche,2026-03-01,106
frijol,2026-03-01,51
arroz,2026-03-01,47
pollo,2026-03-01,59
aguacate,2026-03-01,41
chile,2026-03-01,34
jitomate,2026-03-02,37
cebolla,2026-03-02,24
huevo,2026-03-02,66
tortilla,2026-03-02,91
leche,2026-03-02,53
frijol,2026-03-02,26
arroz,2026-03-02,25
pollo,2026-03-02,32
aguacate,2026-03-02,25
chile,2026-03-02,17
jitomate,2026-03-03,35
cebolla,2026-03-03,28
huevo,2026-03-03,62
tortilla,2026-03-03,81
leche,2026-03-03,62
frijol,2026-03-03,27
arroz,2026-03-03,21
pollo,2026-03-03,35
aguacate,2026-03-03,27
chile,2026-03-03,26
jitomate,2026-03-04,36
cebolla,2026-03-04,30
huevo,2026-03-04,47
tortilla,2026-03-04,96
leche,2026-03-04,53
frijol,2026-03-04,26
arroz,2026-03-04,23
pollo,2026-03-04,38
aguacate,2026-03-04,27
chile,2026-03-04,21
jitomate,2026-03-05,41
cebolla,2026-03-05,29
huevo,2026-03-05,67
tortilla,2026-03-05,86
leche,2026-03-05,30
frijol,2026-03-05,18
arroz,2026-03-05,33
pollo,2026-03-05,41
aguacate,2026-03-05,21
chile,2026-03-05,16
jitomate,2026-03-06,37
cebolla,2026-03-06,24
huevo,2026-03-06,57
tortilla,2026-03-06,111
leche,2026-03-06,44
frijol,2026-03-06,22
arroz,2026-03-06,22
pollo,2026-03-06,35
aguacate,2026-03-06,18
chile,2026-03-06,19
jitomate,2026-03-07,49
cebolla,2026-03-07,48
huevo,2026-03-07,83
tortilla,2026-03-07,123
leche,2026-03-07,50
frijol,2026-03-07,32
arroz,2026-03-07,37
pollo,2026-03-07,47
aguacate,2026-03-07,30
chile,2026-03-07,23
jitomate,2026-03-08,42
cebolla,2026-03-08,24
huevo,2026-03-08,64
tortilla,2026-03-08,132
leche,2026-03-08,71
frijol,2026-03-08,37
arroz,2026-03-08,37
pollo,2026-03-08,46
aguacate,2026-03-08,28
chile,2026-03-08,17
jitomate,2026-03-09,40
cebolla,2026-03-09,27
huevo,2026-03-09,53
tortilla,2026-03-09,75
leche,2026-03-09,49
frijol,2026-03-09,28
arroz,2026-03-09,31
pollo,2026-03-09,29
aguacate,2026-03-09,22
chile,2026-03-09,17
jitomate,2026-03-10,27
cebolla,2026-03-10,34
huevo,2026-03-10,53
tortilla,2026-03-10,96
leche,2026-03-10,43
frijol,2026-03-10,27
arroz,2026-03-10,33
pollo,2026-03-10,36
aguacate,2026-03-10,23
chile,2026-03-10,16
jitomate,2026-03-11,37
cebolla,2026-03-11,24
huevo,2026-03-11,68
tortilla,2026-03-11,104
leche,2026-03-11,45
frijol,2026-03-11,25
arroz,2026-03-11,25
pollo,2026-03-11,28
aguacate,2026-03-11,20
chile,2026-03-11,14
jitomate,2026-03-12,28
cebolla,2026-03-12,31
huevo,2026-03-12,50
tortilla,2026-03-12,88
leche,2026-03-12,29
frijol,2026-03-12,25
arroz,2026-03-12,25
pollo,2026-03-12,31
aguacate,2026-03-12,24
chile,2026-03-12,17
jitomate,2026-03-13,41
cebolla,2026-03-13,30
huevo,2026-03-13,63
tortilla,2026-03-13,78
leche,2026-03-13,49
frijol,2026-03-13,24
arroz,2026-03-13,30
pollo,2026-03-13,31
aguacate,2026-03-13,24
chile,2026-03-13,19
jitomate,2026-03-14,58
cebolla,2026-03-14,53
huevo,2026-03-14,90
tortilla,2026-03-14,130
leche,2026-03-14,70
frijol,2026-03-14,33
arroz,2026-03-14,47
pollo,2026-03-14,54
aguacate,2026-03-14,33
chile,2026-03-14,32
jitomate,2026-03-15,72
cebolla,2026-03-15,49
huevo,2026-03-15,68
tortilla,2026-03-15,154
leche,2026-03-15,56
frijol,2026-03-15,34
arroz,2026-03-15,44
pollo,2026-03-15,69
aguacate,2026-03-15,22
chile,2026-03-15,22
jitomate,2026-03-16,44
cebolla,2026-03-16,41
huevo,2026-03-16,56
tortilla,2026-03-16,97
leche,2026-03-16,72
frijol,2026-03-16,35
arroz,2026-03-16,31
pollo,2026-03-16,49
aguacate,2026-03-16,27
chile,2026-03-16,19
jitomate,2026-03-17,35
cebolla,2026-03-17,27
huevo,2026-03-17,49
tortilla,2026-03-17,94
leche,2026-03-17,56
frijol,2026-03-17,19
arroz,2026-03-17,30
pollo,2026-03-17,29
aguacate,2026-03-17,21
chile,2026-03-17,18
jitomate,2026-03-18,45
cebolla,2026-03-18,29
huevo,2026-03-18,61
tortilla,2026-03-18,110
leche,2026-03-18,61
frijol,2026-03-18,28
arroz,2026-03-18,31
pollo,2026-03-18,37
aguacate,2026-03-18,27
chile,2026-03-18,20
jitomate,2026-03-19,35
cebolla,2026-03-19,30
huevo,2026-03-19,62
tortilla,2026-03-19,70
leche,2026-03-19,45
frijol,2026-03-19,31
arroz,2026-03-19,23
pollo,2026-03-19,37
aguacate,2026-03-19,23
chile,2026-03-19,20
jitomate,2026-03-20,35
cebolla,2026-03-20,26
huevo,2026-03-20,59
tortilla,2026-03-20,80
leche,2026-03-20,60
frijol,2026-03-20,25
arroz,2026-03-20,31
pollo,2026-03-20,29
aguacate,2026-03-20,23
chile,2026-03-20,24
jitomate,2026-03-21,51
cebolla,2026-03-21,32
huevo,2026-03-21,89
tortilla,2026-03-21,106
leche,2026-03-21,51
frijol,2026-03-21,26
arroz,2026-03-21,29
pollo,2026-03-21,48
aguacate,2026-03-21,24
chile,2026-03-21,20
jitomate,2026-03-22,48
cebolla,2026-03-22,41
huevo,2026-03-22,87
tortilla,2026-03-22,136
leche,2026-03-22,61
frijol,2026-03-22,37
arroz,2026-03-22,31
pollo,2026-03-22,56
aguacate,2026-03-22,31
chile,2026-03-22,24
jitomate,2026-03-23,30
cebolla,2026-03-23,34
huevo,2026-03-23,55
tortilla,2026-03-23,80
leche,2026-03-23,43
frijol,2026-03-23,22
arroz,2026-03-23,29
pollo,2026-03-23,36
aguacate,2026-03-23,22
chile,2026-03-23,23
jitomate,2026-03-24,32
cebolla,2026-03-24,31
huevo,2026-03-24,47
tortilla,2026-03-24,96
leche,2026-03-24,53
frijol,2026-03-24,25
arroz,2026-03-24,30
pollo,2026-03-24,37
aguacate,2026-03-24,23
chile,2026-03-24,14
jitomate,2026-03-25,44
cebolla,2026-03-25,37
huevo,2026-03-25,69
tortilla,2026-03-25,85
leche,2026-03-25,63
frijol,2026-03-25,25
arroz,2026-03-25,32
pollo,2026-03-25,38
aguacate,2026-03-25,26
chile,2026-03-25,13
jitomate,2026-03-26,35
cebolla,2026-03-26,32
huevo,2026-03-26,57
tortilla,2026-03-26,83
leche,2026-03-26,60
frijol,2026-03-26,22
arroz,2026-03-26,29
pollo,2026-03-26,36
aguacate,2026-03-26,21
chile,2026-03-26,12
jitomate,2026-03-27,28
cebolla,2026-03-27,28
huevo,2026-03-27,78
tortilla,2026-03-27,79
leche,2026-03-27,49
frijol,2026-03-27,32
arroz,2026-03-27,28
pollo,2026-03-27,37
aguacate,2026-03-27,23
chile,2026-03-27,15
jitomate,2026-03-28,44
cebolla,2026-03-28,35
huevo,2026-03-28,76
tortilla,2026-03-28,102
leche,2026-03-28,59
frijol,2026-03-28,33
arroz,2026-03-28,42
pollo,2026-03-28,60
aguacate,2026-03-28,25
chile,2026-03-28,24
jitomate,2026-03-29,54
cebolla,2026-03-29,43
huevo,2026-03-29,71
tortilla,2026-03-29,180
leche,2026-03-29,75
frijol,2026-03-29,46
arroz,2026-03-29,38
pollo,2026-03-29,36
aguacate,2026-03-29,44
chile,2026-03-29,22
jitomate,2026-03-30,41
cebolla,2026-03-30,43
huevo,2026-03-30,74
tortilla,2026-03-30,107
leche,2026-03-30,74
frijol,2026-03-30,29
arroz,2026-03-30,38
pollo,2026-03-30,35
aguacate,2026-03-30,33
chile,2026-03-30,20
jitomate,2026-03-31,50
cebolla,2026-03-31,33
huevo,2026-03-31,65
tortilla,2026-03-31,106
leche,2026-03-31,70
frijol,2026-03-31,30
arroz,2026-03-31,35
pollo,2026-03-31,40
aguacate,2026-03-31,32
chile,2026-03-31,17
jitomate,2026-04-01,37
cebolla,2026-04-01,45
huevo,2026-04-01,51
tortilla,2026-04-01,142
leche,2026-04-01,62
frijol,2026-04-01,33
arroz,2026-04-01,37
pollo,2026-04-01,39
aguacate,2026-04-01,30
chile,2026-04-01,29
jitomate,2026-04-02,47
cebolla,2026-04-02,27
huevo,2026-04-02,71
tortilla,2026-04-02,74
leche,2026-04-02,48
frijol,2026-04-02,26
arroz,2026-04-02,33
pollo,2026-04-02,28
aguacate,2026-04-02,25
chile,2026-04-02,17
jitomate,2026-04-03,30
cebolla,2026-04-03,34
huevo,2026-04-03,56
tortilla,2026-04-03,63
leche,2026-04-03,56
frijol,2026-04-03,19
arroz,2026-04-03,26
pollo,2026-04-03,29
aguacate,2026-04-03,19
chile,2026-04-03,21
jitomate,2026-04-04,57
cebolla,2026-04-04,30
huevo,2026-04-04,75
tortilla,2026-04-04,118
leche,2026-04-04,78
frijol,2026-04-04,35
arroz,2026-04-04,30
pollo,2026-04-04,37
aguacate,2026-04-04,31
chile,2026-04-04,26
jitomate,2026-04-05,47
cebolla,2026-04-05,35
huevo,2026-04-05,84
tortilla,2026-04-05,122
leche,2026-04-05,39
frijol,2026-04-05,31
arroz,2026-04-05,41
pollo,2026-04-05,35
aguacate,2026-04-05,32
chile,2026-04-05,19
jitomate,2026-04-06,41
cebolla,2026-04-06,26
huevo,2026-04-06,45
tortilla,2026-04-06,93
leche,2026-04-06,49
frijol,2026-04-06,31
arroz,2026-04-06,31
pollo,2026-04-06,27
aguacate,2026-04-06,23
chile,2026-04-06,21
jitomate,2026-04-07,45
cebolla,2026-04-07,38
huevo,2026-04-07,78
tortilla,2026-04-07,80
leche,2026-04-07,53
frijol,2026-04-07,34
arroz,2026-04-07,33
pollo,2026-04-07,31
aguacate,2026-04-07,17
chile,2026-04-07,14
jitomate,2026-04-08,44
cebolla,2026-04-08,30
huevo,2026-04-08,58
tortilla,2026-04-08,82
leche,2026-04-08,44
frijol,2026-04-08,27
arroz,2026-04-08,28
pollo,2026-04-08,37
aguacate,2026-04-08,17
chile,2026-04-08,23
jitomate,2026-04-09,47
cebolla,2026-04-09,35
huevo,2026-04-09,41
tortilla,2026-04-09,102
leche,2026-04-09,39
frijol,2026-04-09,27
arroz,2026-04-09,33
pollo,2026-04-09,41
aguacate,2026-04-09,24
chile,2026-04-09,23
jitomate,2026-04-10,41
cebolla,2026-04-10,26
huevo,2026-04-10,55
tortilla,2026-04-10,90
leche,2026-04-10,56
frijol,2026-04-10,21
arroz,2026-04-10,31
pollo,2026-04-10,35
aguacate,2026-04-10,20
chile,2026-04-10,15
jitomate,2026-04-11,48
cebolla,2026-04-11,41
huevo,2026-04-11,76
tortilla,2026-04-11,130
leche,2026-04-11,49
frijol,2026-04-11,25
arroz,2026-04-11,31
pollo,2026-04-11,53
aguacate,2026-04-11,28
chile,2026-04-11,24
jitomate,2026-04-12,57
cebolla,2026-04-12,43
huevo,2026-04-12,72
tortilla,2026-04-12,92
leche,2026-04-12,62
frijol,2026-04-12,25
arroz,2026-04-12,36
pollo,2026-04-12,40
aguacate,2026-04-12,30
chile,2026-04-12,24
jitomate,2026-04-13,38
cebolla,2026-04-13,33
huevo,2026-04-13,86
tortilla,2026-04-13,65
leche,2026-04-13,68
frijol,2026-04-13,21
arroz,2026-04-13,22
pollo,2026-04-13,30
aguacate,2026-04-13,24
chile,2026-04-13,19
jitomate,2026-04-14,45
cebolla,2026-04-14,34
huevo,2026-04-14,66
tortilla,2026-04-14,122
leche,2026-04-14,74
frijol,2026-04-14,30
arroz,2026-04-14,31
pollo,2026-04-14,41
aguacate,2026-04-14,18
chile,2026-04-14,22
jitomate,2026-04-15,53
cebolla,2026-04-15,35
huevo,2026-04-15,69
tortilla,2026-04-15,131
leche,2026-04-15,65
frijol,2026-04-15,33
arroz,2026-04-15,38
pollo,2026-04-15,45
aguacate,2026-04-15,33
chile,2026-04-15,18
jitomate,2026-04-16,50
cebolla,2026-04-16,25
huevo,2026-04-16,70
tortilla,2026-04-16,146
leche,2026-04-16,50
frijol,2026-04-16,26
arroz,2026-04-16,35
pollo,2026-04-16,49
aguacate,2026-04-16,30
chile,2026-04-16,21
jitomate,2026-04-17,50
cebolla,2026-04-17,30
huevo,2026-04-17,70
tortilla,2026-04-17,112
leche,2026-04-17,43
frijol,2026-04-17,19
arroz,2026-04-17,30
pollo,2026-04-17,36
aguacate,2026-04-17,22
chile,2026-04-17,19
jitomate,2026-04-18,51
cebolla,2026-04-18,48
huevo,2026-04-18,43
tortilla,2026-04-18,139
leche,2026-04-18,68
frijol,2026-04-18,32
arroz,2026-04-18,31
pollo,2026-04-18,54
aguacate,2026-04-18,24
chile,2026-04-18,24
jitomate,2026-04-19,61
cebolla,2026-04-19,29
huevo,2026-04-19,82
tortilla,2026-04-19,122
leche,2026-04-19,69
frijol,2026-04-19,30
arroz,2026-04-19,40
pollo,2026-04-19,53
aguacate,2026-04-19,27
chile,2026-04-19,31
jitomate,2026-04-20,33
cebolla,2026-04-20,27
huevo,2026-04-20,71
tortilla,2026-04-20,87
leche,2026-04-20,43
frijol,2026-04-20,23
arroz,2026-04-20,34
pollo,2026-04-20,39
aguacate,2026-04-20,19
chile,2026-04-20,13
jitomate,2026-04-21,49
cebolla,2026-04-21,31
huevo,2026-04-21,56
tortilla,2026-04-21,78
leche,2026-04-21,34
frijol,2026-04-21,20
arroz,2026-04-21,29
pollo,2026-04-21,32
aguacate,2026-04-21,27
chile,2026-04-21,20
jitomate,2026-04-22,36
cebolla,2026-04-22,26
huevo,2026-04-22,72
tortilla,2026-04-22,85
leche,2026-04-22,70
frijol,2026-04-22,25
arroz,2026-04-22,22
pollo,2026-04-22,24
aguacate,2026-04-22,20
chile,2026-04-22,22
jitomate,2026-04-23,39
cebolla,2026-04-23,19
huevo,2026-04-23,54
tortilla,2026-04-23,86
leche,2026-04-23,60
frijol,2026-04-23,27
arroz,2026-04-23,27
pollo,2026-04-23,37
aguacate,2026-04-23,29
chile,2026-04-23,21
jitomate,2026-04-24,36
cebolla,2026-04-24,33
huevo,2026-04-24,70
tortilla,2026-04-24,121
leche,2026-04-24,52
frijol,2026-04-24,24
arroz,2026-04-24,30
pollo,2026-04-24,32
aguacate,2026-04-24,22
chile,2026-04-24,16
jitomate,2026-04-25,52
cebolla,2026-04-25,30
huevo,2026-04-25,88
tortilla,2026-04-25,131
leche,2026-04-25,49
frijol,2026-04-25,36
arroz,2026-04-25,33
pollo,2026-04-25,55
aguacate,2026-04-25,33
chile,2026-04-25,27
jitomate,2026-04-26,57
cebolla,2026-04-26,33
huevo,2026-04-26,54
tortilla,2026-04-26,119
leche,2026-04-26,53
frijol,2026-04-26,33
arroz,2026-04-26,28
pollo,2026-04-26,51
aguacate,2026-04-26,31
chile,2026-04-26,19
jitomate,2026-04-27,34
cebolla,2026-04-27,32
huevo,2026-04-27,68
tortilla,2026-04-27,93
leche,2026-04-27,45
frijol,2026-04-27,26
arroz,2026-04-27,27
pollo,2026-04-27,32
aguacate,2026-04-27,17
chile,2026-04-27,18
jitomate,2026-04-28,35
cebolla,2026-04-28,29
huevo,2026-04-28,42
tortilla,2026-04-28,101
leche,2026-04-28,46
frijol,2026-04-28,25
arroz,2026-04-28,34
pollo,2026-04-28,43
aguacate,2026-04-28,24
chile,2026-04-28,15
jitomate,2026-04-29,49
cebolla,2026-04-29,39
huevo,2026-04-29,78
tortilla,2026-04-29,115
leche,2026-04-29,70
frijol,2026-04-29,34
arroz,2026-04-29,41
pollo,2026-04-29,49
aguacate,2026-04-29,25
chile,2026-04-29,21
jitomate,2026-04-30,50
cebolla,2026-04-30,40
huevo,2026-04-30,69
tortilla,2026-04-30,112
leche,2026-04-30,59
frijol,2026-04-30,29
arroz,2026-04-30,37
pollo,2026-04-30,50
aguacate,2026-04-30,35
chile,2026-04-30,26
jitomate,2026-05-01,49
cebolla,2026-05-01,47
huevo,2026-05-01,62
tortilla,2026-05-01,125
leche,2026-05-01,60
frijol,2026-05-01,30
arroz,2026-05-01,48
pollo,2026-05-01,43
aguacate,2026-05-01,30
chile,2026-05-01,26
jitomate,2026-05-02,54
cebolla,2026-05-02,33
huevo,2026-05-02,86
tortilla,2026-05-02,117
leche,2026-05-02,67
frijol,2026-05-02,34
arroz,2026-05-02,41
pollo,2026-05-02,51
aguacate,2026-05-02,23
chile,2026-05-02,25
jitomate,2026-05-03,69
cebolla,2026-05-03,29
huevo,2026-05-03,71
tortilla,2026-05-03,110
leche,2026-05-03,48
frijol,2026-05-03,25
arroz,2026-05-03,33
pollo,2026-05-03,56
aguacate,2026-05-03,28
chile,2026-05-03,21
jitomate,2026-05-04,41
cebolla,2026-05-04,34
huevo,2026-05-04,68
tortilla,2026-05-04,95
leche,2026-05-04,73
frijol,2026-05-04,27
arroz,2026-05-04,31
pollo,2026-05-04,34
aguacate,2026-05-04,20
chile,2026-05-04,16
jitomate,2026-05-05,34
cebolla,2026-05-05,34
huevo,2026-05-05,65
tortilla,2026-05-05,86
leche,2026-05-05,50
frijol,2026-05-05,30
arroz,2026-05-05,28
pollo,2026-05-05,37
aguacate,2026-05-05,24
chile,2026-05-05,20
jitomate,2026-05-06,37
cebolla,2026-05-06,20
huevo,2026-05-06,45
tortilla,2026-05-06,100
leche,2026-05-06,48
frijol,2026-05-06,25
arroz,2026-05-06,22
pollo,2026-05-06,32
aguacate,2026-05-06,24
chile,2026-05-06,19
jitomate,2026-05-07,35
cebolla,2026-05-07,26
huevo,2026-05-07,81
tortilla,2026-05-07,91
leche,2026-05-07,52
frijol,2026-05-07,21
arroz,2026-05-07,26
pollo,2026-05-07,35
aguacate,2026-05-07,19
chile,2026-05-07,19
jitomate,2026-05-08,35
cebolla,2026-05-08,28
huevo,2026-05-08,55
tortilla,2026-05-08,71
leche,2026-05-08,40
frijol,2026-05-08,27
arroz,2026-05-08,25
pollo,2026-05-08,36
aguacate,2026-05-08,23
chile,2026-05-08,20
jitomate,2026-05-09,61
cebolla,2026-05-09,37
huevo,2026-05-09,68
tortilla,2026-05-09,126
leche,2026-05-09,77
frijol,2026-05-09,32
arroz,2026-05-09,38
pollo,2026-05-09,46
aguacate,2026-05-09,29
chile,2026-05-09,27
jitomate,2026-05-10,51
cebolla,2026-05-10,45
huevo,2026-05-10,87
tortilla,2026-05-10,162
leche,2026-05-10,61
frijol,2026-05-10,40
arroz,2026-05-10,43
pollo,2026-05-10,39
aguacate,2026-05-10,33
chile,2026-05-10,27
jitomate,2026-05-11,38
cebolla,2026-05-11,20
huevo,2026-05-11,70
tortilla,2026-05-11,76
leche,2026-05-11,51
frijol,2026-05-11,19
arroz,2026-05-11,32
pollo,2026-05-11,27
aguacate,2026-05-11,21
chile,2026-05-11,17
jitomate,2026-05-12,42
cebolla,2026-05-12,24
huevo,2026-05-12,67
tortilla,2026-05-12,101
leche,2026-05-12,50
frijol,2026-05-12,25
arroz,2026-05-12,17
pollo,2026-05-12,46
aguacate,2026-05-12,22
chile,2026-05-12,21
jitomate,2026-05-13,43
cebolla,2026-05-13,32
huevo,2026-05-13,70
tortilla,2026-05-13,85
leche,2026-05-13,61
frijol,2026-05-13,32
arroz,2026-05-13,30
pollo,2026-05-13,36
aguacate,2026-05-13,26
chile,2026-05-13,20
jitomate,2026-05-14,50
cebolla,2026-05-14,37
huevo,2026-05-14,80
tortilla,2026-05-14,132
leche,2026-05-14,61
frijol,2026-05-14,37
arroz,2026-05-14,48
pollo,2026-05-14,50
aguacate,2026-05-14,29
chile,2026-05-14,26
jitomate,2026-05-15,49
cebolla,2026-05-15,33
huevo,2026-05-15,70
tortilla,2026-05-15,94
leche,2026-05-15,75
frijol,2026-05-15,30
arroz,2026-05-15,27
pollo,2026-05-15,49
aguacate,2026-05-15,30
chile,2026-05-15,25
jitomate,2026-05-16,55
cebolla,2026-05-16,43
huevo,2026-05-16,129
tortilla,2026-05-16,140
leche,2026-05-16,91
frijol,2026-05-16,43
arroz,2026-05-16,38
pollo,2026-05-16,47
aguacate,2026-05-16,40
chile,2026-05-16,29
jitomate,2026-05-17,52
cebolla,2026-05-17,47
huevo,2026-05-17,62
tortilla,2026-05-17,122
leche,2026-05-17,80
frijol,2026-05-17,38
arroz,2026-05-17,37
pollo,2026-05-17,51
aguacate,2026-05-17,33
chile,2026-05-17,21
jitomate,2026-05-18,33
cebolla,2026-05-18,36
huevo,2026-05-18,64
tortilla,2026-05-18,120
leche,2026-05-18,47
frijol,2026-05-18,30
arroz,2026-05-18,33
pollo,2026-05-18,39
aguacate,2026-05-18,23
chile,2026-05-18,16
jitomate,2026-05-19,40
cebolla,2026-05-19,29
huevo,2026-05-19,63
tortilla,2026-05-19,80
leche,2026-05-19,54
frijol,2026-05-19,33
arroz,2026-05-19,26
pollo,2026-05-19,40
aguacate,2026-05-19,17
chile,2026-05-19,20
jitomate,2026-05-20,44
cebolla,2026-05-20,27
huevo,2026-05-20,68
tortilla,2026-05-20,96
leche,2026-05-20,67
frijol,2026-05-20,27
arroz,2026-05-20,31
pollo,2026-05-20,36
aguacate,2026-05-20,19
chile,2026-05-20,26
jitomate,2026-05-21,43
cebolla,2026-05-21,33
huevo,2026-05-21,64
tortilla,2026-05-21,74
leche,2026-05-21,42
frijol,2026-05-21,20
arroz,2026-05-21,35
pollo,2026-05-21,40
aguacate,2026-05-21,22
chile,2026-05-21,15
jitomate,2026-05-22,37
cebolla,2026-05-22,31
huevo,2026-05-22,51
tortilla,2026-05-22,107
leche,2026-05-22,46
frijol,2026-05-22,25
arroz,2026-05-22,29
pollo,2026-05-22,25
aguacate,2026-05-22,26
chile,2026-05-22,19
jitomate,2026-05-23,36
cebolla,2026-05-23,39
huevo,2026-05-23,78
tortilla,2026-05-23,104
leche,2026-05-23,72
frijol,2026-05-23,40
arroz,2026-05-23,40
pollo,2026-05-23,38
aguacate,2026-05-23,27
chile,2026-05-23,17
jitomate,2026-05-24,56
cebolla,2026-05-24,35
huevo,2026-05-24,85
tortilla,2026-05-24,138
leche,2026-05-24,77
frijol,2026-05-24,35
arroz,2026-05-24,37
pollo,2026-05-24,36
aguacate,2026-05-24,40
chile,2026-05-24,33
jitomate,2026-05-25,41
cebolla,2026-05-25,34
huevo,2026-05-25,52
tortilla,2026-05-25,89
leche,2026-05-25,53
frijol,2026-05-25,24
arroz,2026-05-25,37
pollo,2026-05-25,38
aguacate,2026-05-25,21
chile,2026-05-25,18
jitomate,2026-05-26,44
cebolla,2026-05-26,24
huevo,2026-05-26,68
tortilla,2026-05-26,94
leche,2026-05-26,60
frijol,2026-05-26,28
arroz,2026-05-26,27
pollo,2026-05-26,33
aguacate,2026-05-26,28
chile,2026-05-26,20
jitomate,2026-05-27,46
cebolla,2026-05-27,34
huevo,2026-05-27,62
tortilla,2026-05-27,79
leche,2026-05-27,67
frijol,2026-05-27,25
arroz,2026-05-27,35
pollo,2026-05-27,36
aguacate,2026-05-27,27
chile,2026-05-27,16
jitomate,2026-05-28,34
cebolla,2026-05-28,30
huevo,2026-05-28,58
tortilla,2026-05-28,104
leche,2026-05-28,55
frijol,2026-05-28,20
arroz,2026-05-28,26
pollo,2026-05-28,29
aguacate,2026-05-28,21
chile,2026-05-28,19
jitomate,2026-05-29,48
cebolla,2026-05-29,46
huevo,2026-05-29,84
tortilla,2026-05-29,103
leche,2026-05-29,78
frijol,2026-05-29,37
arroz,2026-05-29,38
pollo,2026-05-29,43
aguacate,2026-05-29,37
chile,2026-05-29,26
jitomate,2026-05-30,57
cebolla,2026-05-30,52
huevo,2026-05-30,90
tortilla,2026-05-30,174
leche,2026-05-30,72
frijol,2026-05-30,39
arroz,2026-05-30,43
pollo,2026-05-30,64
aguacate,2026-05-30,32
chile,2026-05-30,31
jitomate,2026-05-31,46
cebolla,2026-05-31,58
huevo,2026-05-31,61
tortilla,2026-05-31,158
leche,2026-05-31,89
frijol,2026-05-31,39
arroz,2026-05-31,56
pollo,2026-05-31,70
aguacate,2026-05-31,44
chile,2026-05-31,36
jitomate,2026-06-01,52
cebolla,2026-06-01,35
huevo,2026-06-01,78
tortilla,2026-06-01,131
leche,2026-06-01,62
frijol,2026-06-01,20
arroz,2026-06-01,26
pollo,2026-06-01,56
aguacate,2026-06-01,24
chile,2026-06-01,20
jitomate,2026-06-02,46
cebolla,2026-06-02,34
huevo,2026-06-02,65
tortilla,2026-06-02,92
leche,2026-06-02,34
frijol,2026-06-02,33
arroz,2026-06-02,26
pollo,2026-06-02,41
aguacate,2026-06-02,22
chile,2026-06-02,17
jitomate,2026-06-03,38
cebolla,2026-06-03,29
huevo,2026-06-03,75
tortilla,2026-06-03,73
leche,2026-06-03,53
frijol,2026-06-03,32
arroz,2026-06-03,26
pollo,2026-06-03,35
aguacate,2026-06-03,18
chile,2026-06-03,22
jitomate,2026-06-04,33
cebolla,2026-06-04,33
huevo,2026-06-04,42
tortilla,2026-06-04,78
leche,2026-06-04,52
frijol,2026-06-04,21
arroz,2026-06-04,27
pollo,2026-06-04,28
aguacate,2026-06-04,22
chile,2026-06-04,15
jitomate,2026-06-05,34
cebolla,2026-06-05,31
huevo,2026-06-05,43
tortilla,2026-06-05,99
leche,2026-06-05,44
frijol,2026-06-05,31
arroz,2026-06-05,26
pollo,2026-06-05,30
aguacate,2026-06-05,22
chile,2026-06-05,21
jitomate,2026-06-06,33
cebolla,2026-06-06,35
huevo,2026-06-06,93
tortilla,2026-06-06,99
leche,2026-06-06,53
frijol,2026-06-06,25
arroz,2026-06-06,35
pollo,2026-06-06,37
aguacate,2026-06-06,31
chile,2026-06-06,18
jitomate,2026-06-07,48
cebolla,2026-06-07,38
huevo,2026-06-07,71
tortilla,2026-06-07,113
leche,2026-06-07,56
frijol,2026-06-07,28
arroz,2026-06-07,43
pollo,2026-06-07,48
aguacate,2026-06-07,30
chile,2026-06-07,27
jitomate,2026-06-08,42
cebolla,2026-06-08,29
huevo,2026-06-08,65
tortilla,2026-06-08,87
leche,2026-06-08,63
frijol,2026-06-08,26
arroz,2026-06-08,28
pollo,2026-06-08,43
aguacate,2026-06-08,25
chile,2026-06-08,16
jitomate,2026-06-09,43
cebolla,2026-06-09,24
huevo,2026-06-09,58
tortilla,2026-06-09,92
leche,2026-06-09,51
frijol,2026-06-09,24
arroz,2026-06-09,24
pollo,2026-06-09,37
aguacate,2026-06-09,24
chile,2026-06-09,16
jitomate,2026-06-10,40
cebolla,2026-06-10,32
huevo,2026-06-10,64
tortilla,2026-06-10,95
leche,2026-06-10,54
frijol,2026-06-10,27
arroz,2026-06-10,31
pollo,2026-06-10,37
aguacate,2026-06-10,20
chile,2026-06-10,19
jitomate,2026-06-11,36
cebolla,2026-06-11,27
huevo,2026-06-11,63
tortilla,2026-06-11,91
leche,2026-06-11,45
frijol,2026-06-11,27
arroz,2026-06-11,25
pollo,2026-06-11,37
aguacate,2026-06-11,18
chile,2026-06-11,22
jitomate,2026-06-12,43
cebolla,2026-06-12,32
huevo,2026-06-12,60
tortilla,2026-06-12,72
leche,2026-06-12,37
frijol,2026-06-12,25
arroz,2026-06-12,26
pollo,2026-06-12,37
aguacate,2026-06-12,25
chile,2026-06-12,19
jitomate,2026-06-13,45
cebolla,2026-06-13,43
huevo,2026-06-13,71
tortilla,2026-06-13,124
leche,2026-06-13,71
frijol,2026-06-13,30
arroz,2026-06-13,44
pollo,2026-06-13,43
aguacate,2026-06-13,29
chile,2026-06-13,28
jitomate,2026-06-14,67
cebolla,2026-06-14,43
huevo,2026-06-14,92
tortilla,2026-06-14,151
leche,2026-06-14,76
frijol,2026-06-14,38
arroz,2026-06-14,52
pollo,2026-06-14,55
aguacate,2026-06-14,45
chile,2026-06-14,29
jitomate,2026-06-15,42
cebolla,2026-06-15,36
huevo,2026-06-15,85
tortilla,2026-06-15,103
leche,2026-06-15,73
frijol,2026-06-15,31
arroz,2026-06-15,37
pollo,2026-06-15,39
aguacate,2026-06-15,28
chile,2026-06-15,22
jitomate,2026-06-16,58
cebolla,2026-06-16,35
huevo,2026-06-16,57
tortilla,2026-06-16,94
leche,2026-06-16,56
frijol,2026-06-16,34
arroz,2026-06-16,30
pollo,2026-06-16,37
aguacate,2026-06-16,26
chile,2026-06-16,22
jitomate,2026-06-17,39
cebolla,2026-06-17,24
huevo,2026-06-17,57
tortilla,2026-06-17,103
leche,2026-06-17,53
frijol,2026-06-17,26
arroz,2026-06-17,25
pollo,2026-06-17,34
aguacate,2026-06-17,18
chile,2026-06-17,20
jitomate,2026-06-18,45
cebolla,2026-06-18,29
huevo,2026-06-18,57
tortilla,2026-06-18,79
leche,2026-06-18,49
frijol,2026-06-18,31
arroz,2026-06-18,25
pollo,2026-06-18,36
aguacate,2026-06-18,25
chile,2026-06-18,18
jitomate,2026-06-19,32
cebolla,2026-06-19,32
huevo,2026-06-19,74
tortilla,2026-06-19,92
leche,2026-06-19,50
frijol,2026-06-19,25
arroz,2026-06-19,19
pollo,2026-06-19,37
aguacate,2026-06-19,20
chile,2026-06-19,16
jitomate,2026-06-20,62
cebolla,2026-06-20,33
huevo,2026-06-20,79
tortilla,2026-06-20,95
leche,2026-06-20,68
frijol,2026-06-20,26
arroz,2026-06-20,38
pollo,2026-06-20,46
aguacate,2026-06-20,32
chile,2026-06-20,19
jitomate,2026-06-21,49
cebolla,2026-06-21,34
huevo,2026-06-21,86
tortilla,2026-06-21,87
leche,2026-06-21,61
frijol,2026-06-21,35
arroz,2026-06-21,37
pollo,2026-06-21,35
aguacate,2026-06-21,33
chile,2026-06-21,24
jitomate,2026-06-22,46
cebolla,2026-06-22,28
huevo,2026-06-22,60
tortilla,2026-06-22,93
leche,2026-06-22,47
frijol,2026-06-22,33
arroz,2026-06-22,27
pollo,2026-06-22,37
aguacate,2026-06-22,20
chile,2026-06-22,16
jitomate,2026-06-23,39
cebolla,2026-06-23,27
huevo,2026-06-23,51
tortilla,2026-06-23,90
leche,2026-06-23,47
frijol,2026-06-23,33
arroz,2026-06-23,27
pollo,2026-06-23,32
aguacate,2026-06-23,24
chile,2026-06-23,23
jitomate,2026-06-24,30
cebolla,2026-06-24,36
huevo,2026-06-24,50
tortilla,2026-06-24,83
leche,2026-06-24,40
frijol,2026-06-24,23
arroz,2026-06-24,22
pollo,2026-06-24,32
aguacate,2026-06-24,21
chile,2026-06-24,18
jitomate,2026-06-25,42
cebolla,2026-06-25,31
huevo,2026-06-25,59
tortilla,2026-06-25,108
leche,2026-06-25,51
frijol,2026-06-25,30
arroz,2026-06-25,29
pollo,2026-06-25,32
aguacate,2026-06-25,18
chile,2026-06-25,10
jitomate,2026-06-26,37
cebolla,2026-06-26,25
huevo,2026-06-26,60
tortilla,2026-06-26,107
leche,2026-06-26,33
frijol,2026-06-26,28
arroz,2026-06-26,22
pollo,2026-06-26,25
aguacate,2026-06-26,29
chile,2026-06-26,20
jitomate,2026-06-27,29
cebolla,2026-06-27,47
huevo,2026-06-27,75
tortilla,2026-06-27,143
leche,2026-06-27,56
frijol,2026-06-27,33
arroz,2026-06-27,37
pollo,2026-06-27,31
aguacate,2026-06-27,29
chile,2026-06-27,26
jitomate,2026-06-28,45
cebolla,2026-06-28,42
huevo,2026-06-28,86
tortilla,2026-06-28,117
leche,2026-06-28,76
frijol,2026-06-28,36
arroz,2026-06-28,45
pollo,2026-06-28,47
aguacate,2026-06-28,33
chile,2026-06-28,23
